deal_id,announce_date,party,party_name,cik,identity_basis,sic_context_only,filings_reviewed,producer,consumer,hedged,exposure_status,unknown_reason,producer_accession,producer_form,producer_filing_date,producer_acceptance_et,producer_url,producer_item,producer_offset,producer_quote,consumer_accession,consumer_form,consumer_filing_date,consumer_acceptance_et,consumer_url,consumer_item,consumer_offset,consumer_quote,hedged_accession,hedged_form,hedged_filing_date,hedged_acceptance_et,hedged_url,hedged_item,hedged_offset,hedged_quote
DEAL-CRNX-VRTX-2026,2026-07-06,target,"Crinetics Pharmaceuticals, Inc.",1658247,reviewed_manifest_cik,2834,10-K|0001658247-26-000012|2026-02-26|2026-02-26T16:25:35-05:00;10-Q|0001658247-26-000040|2026-05-07|2026-05-07T16:21:16-04:00,unknown,unknown,unknown,unknown,no_qualifying_disclosure_in_reviewed_filings,,,,,,,,,,,,,,,,,,,,,,,,
DEAL-CRNX-VRTX-2026,2026-07-06,acquirer,Vertex Pharmaceuticals Incorporated,,manifest_announcement_accession,,,unknown,unknown,unknown,unknown,acquirer_no_unique_sec_registrant,,,,,,,,,,,,,,,,,,,,,,,,
DEAL-ESI-SOLS-2026,2026-07-06,target,Element Solutions Inc,1590714,reviewed_manifest_cik,2890,10-K|0001590714-26-000018|2026-02-18|2026-02-18T16:17:22-05:00;10-Q|0001590714-26-000041|2026-04-29|2026-04-29T16:15:58-04:00,yes,yes,yes,labeled,,0001590714-26-000018,10-K,2026-02-18,2026-02-18T16:17:22-05:00,https://www.sec.gov/Archives/edgar/data/1590714/000159071426000018/esi-20251231.htm,Item 8,57416,"As a global supplier of specialized fluids to the offshore energy industry, we produce water-based hydraulic control fluids for major oil and gas companies and drilling contractors to be used in offshore deep-water production and drilling applications.",0001590714-26-000018,10-K,2026-02-18,2026-02-18T16:17:22-05:00,https://www.sec.gov/Archives/edgar/data/1590714/000159071426000018/esi-20251231.htm,Item 1A,86611,"As a result, we may lose business, customers and market shares if we are unable to devote greater resources to the research and development, manufacturing, formulation, promotion, sale or support of our products, withstand adverse changes in economic conditions or prices of raw materials, and/or maintain competitive pricing.",0001590714-26-000018,10-K,2026-02-18,2026-02-18T16:17:22-05:00,https://www.sec.gov/Archives/edgar/data/1590714/000159071426000018/esi-20251231.htm,Item 7A,207868,"Periodically, we employ forward metals contracts or other financial instruments to hedge commodity price or other price risks."
DEAL-ESI-SOLS-2026,2026-07-06,acquirer,Solstice Advanced Materials Inc.,2064953,manifest_announcement_accession,2800,10-K|0002064953-26-000008|2026-02-19|2026-02-19T16:11:39-05:00;10-Q|0002064953-26-000047|2026-05-06|2026-05-06T16:08:37-04:00,yes,yes,unknown,labeled,,0002064953-26-000008,10-K,2026-02-19,2026-02-19T16:11:39-05:00,https://www.sec.gov/Archives/edgar/data/2064953/000206495326000008/sols-20251231.htm,Item 1,77620,"We are a leading manufacturer of sputtering targets, particularly copper manganese targets, for which we developed a unique extrusion process allowing high control over grain structure.",0002064953-26-000008,10-K,2026-02-19,2026-02-19T16:11:39-05:00,https://www.sec.gov/Archives/edgar/data/2064953/000206495326000008/sols-20251231.htm,Item 1,86907,"We source raw materials from global and regional suppliers and where possible maintain multiple supplier relationships to protect against supply disruptions and potential price increases, including as a result of the impact of the imposition of tariffs or other trade actions impacting raw materials we source from global trade counterparties.",,,,,,,,
DEAL-EA-PIFSLAFF-2025,2025-09-28,target,Electronic Arts Inc.,712515,reviewed_manifest_cik,7372,10-K|0000712515-25-000022|2025-05-13|2025-05-13T16:05:21-04:00;10-Q|0000712515-25-000030|2025-08-01|2025-08-01T16:08:06-04:00,unknown,unknown,unknown,unknown,no_qualifying_disclosure_in_reviewed_filings,,,,,,,,,,,,,,,,,,,,,,,,
DEAL-EA-PIFSLAFF-2025,2025-09-28,acquirer,"Oak-Eagle AcquireCo, Inc.",,manifest_announcement_accession,,,unknown,unknown,unknown,unknown,acquirer_pe_buyer_unresolved,,,,,,,,,,,,,,,,,,,,,,,,
DEAL-SSTK-GETY-2025,2025-01-06,target,"Shutterstock, Inc.",1549346,reviewed_manifest_cik,7374,10-K|0001549346-24-000007|2024-02-26|2024-02-26T15:17:13-05:00;10-Q|0001549346-24-000045|2024-10-29|2024-10-29T11:28:30-04:00,unknown,unknown,unknown,unknown,no_qualifying_disclosure_in_reviewed_filings,,,,,,,,,,,,,,,,,,,,,,,,
DEAL-SSTK-GETY-2025,2025-01-06,acquirer,"Getty Images Holdings, Inc.",1898496,manifest_announcement_accession,7389,10-K|0001628280-24-011316|2024-03-15|2024-03-15T11:43:01-04:00;10-Q|0001628280-24-046324|2024-11-07|2024-11-07T21:28:00-05:00,unknown,unknown,unknown,unknown,no_qualifying_disclosure_in_reviewed_filings,,,,,,,,,,,,,,,,,,,,,,,,
DEAL-JNPR-HPE-2024,2024-01-09,target,"Juniper Networks, Inc.",1043604,reviewed_manifest_cik,3576,10-K|0001043604-23-000016|2023-02-10|2023-02-10T16:30:07-05:00;10-Q|0001043604-23-000156|2023-10-27|2023-10-27T16:16:31-04:00,unknown,yes,unknown,labeled,,,,,,,,,,0001043604-23-000016,10-K,2023-02-10,2023-02-10T16:30:07-05:00,https://www.sec.gov/Archives/edgar/data/1043604/000104360423000016/jnpr-20221231.htm,Item 1,104636,"To address supply-chain challenges, including increases in component and logistics costs related to the COVID-19 pandemic and global component shortages, we are taking specific additional procurement actions, including strategic purchases of raw materials and components for the production of finished goods.",,,,,,,,
DEAL-JNPR-HPE-2024,2024-01-09,acquirer,Hewlett Packard Enterprise Company,1645590,manifest_announcement_accession,3570,10-K|0001645590-23-000117|2023-12-22|2023-12-22T13:19:13-05:00,unknown,yes,unknown,labeled,,,,,,,,,,0001645590-23-000117,10-K,2023-12-22,2023-12-22T13:19:13-05:00,https://www.sec.gov/Archives/edgar/data/1645590/000164559023000117/hpe-20231031.htm,Item 1A,222825,"We may also confront higher electricity prices as the grid decarbonizes, and higher costs for supplies or components that comply with certain environmental regulatory thresholds, potentially impacting our margins or the pricing of our offerings.",,,,,,,,
DEAL-HCP-IBM-2024,2024-04-24,target,"HashiCorp, Inc.",1720671,reviewed_manifest_cik,7371,10-K|0001628280-24-012350|2024-03-21|2024-03-20T21:12:33-04:00,unknown,unknown,unknown,unknown,no_qualifying_disclosure_in_reviewed_filings,,,,,,,,,,,,,,,,,,,,,,,,
DEAL-HCP-IBM-2024,2024-04-24,acquirer,International Business Machines Corporation,51143,manifest_announcement_accession,3570,10-K|0000051143-24-000012|2024-02-26|2024-02-26T11:41:57-05:00,unknown,unknown,unknown,unknown,no_qualifying_disclosure_in_reviewed_filings,,,,,,,,,,,,,,,,,,,,,,,,
DEAL-CPRI-TPR-2023,2023-08-10,target,Capri Holdings Limited,1530721,reviewed_manifest_cik,3100,10-K|0001530721-23-000087|2023-05-31|2023-05-31T09:21:35-04:00,unknown,yes,unknown,labeled,,,,,,,,,,0001530721-23-000087,10-K,2023-05-31,2023-05-31T09:21:35-04:00,https://www.sec.gov/Archives/edgar/data/1530721/000153072123000087/cpri-20230401.htm,Item 7,61725,• increases in the cost of raw materials could increase our production costs and cause our operating results and financial condition to suffer; .,,,,,,,,
DEAL-CPRI-TPR-2023,2023-08-10,acquirer,"Tapestry, Inc.",1116132,manifest_announcement_accession,3100,10-K|0001116132-22-000018|2022-08-18|2022-08-18T16:12:31-04:00;10-Q|0001116132-23-000013|2023-05-11|2023-05-11T16:05:44-04:00,unknown,yes,unknown,labeled,,,,,,,,,,0001116132-22-000018,10-K,2022-08-18,2022-08-18T16:12:31-04:00,https://www.sec.gov/Archives/edgar/data/1116132/000111613222000018/tpr-20220702.htm,Item 7,137497,"Our costs for raw materials are affected by, among other things, weather, customer demand, speculation on the commodities market, the relative valuations and fluctuations of the currencies of producer versus customer countries and other factors that are generally unpredictable and beyond our control.",,,,,,,,
DEAL-WLTW-AON-2020,2020-03-09,target,Willis Towers Watson Public Limited Company,1140536,reviewed_manifest_cik,6411,10-K|0001564590-20-006736|2020-02-26|2020-02-26T20:29:51-05:00,unknown,unknown,unknown,unknown,no_qualifying_disclosure_in_reviewed_filings,,,,,,,,,,,,,,,,,,,,,,,,
DEAL-WLTW-AON-2020,2020-03-09,acquirer,Aon plc,,manifest_announcement_accession,,,unknown,unknown,unknown,unknown,acquirer_not_identified_in_merger_filing,,,,,,,,,,,,,,,,,,,,,,,,
DEAL-RHT-IBM-2018,2018-10-28,target,"Red Hat, Inc.",1087423,reviewed_manifest_cik,7370,10-K|0001087423-18-000010|2018-04-26|2018-04-26T16:19:11-04:00;10-Q|0001087423-18-000020|2018-10-09|2018-10-09T16:25:04-04:00,unknown,unknown,unknown,unknown,no_qualifying_disclosure_in_reviewed_filings,,,,,,,,,,,,,,,,,,,,,,,,
DEAL-RHT-IBM-2018,2018-10-28,acquirer,International Business Machines Corporation,51143,manifest_announcement_accession,3570,10-K|0001047469-18-001117|2018-02-27|2018-02-27T22:13:57-05:00;10-Q|0001104659-18-048404|2018-07-31|2018-07-31T20:10:57-04:00,unknown,unknown,unknown,unknown,no_qualifying_disclosure_in_reviewed_filings,,,,,,,,,,,,,,,,,,,,,,,,
DEAL-LNKD-MSFT-2016,2016-06-11,target,LinkedIn Corporation,1271024,reviewed_manifest_cik,7370,10-K|0001271024-16-000035|2016-02-12|2016-02-11T21:08:06-05:00;10-Q|0001271024-16-000043|2016-04-29|2016-04-28T18:13:46-04:00,unknown,unknown,unknown,unknown,no_qualifying_disclosure_in_reviewed_filings,,,,,,,,,,,,,,,,,,,,,,,,
DEAL-LNKD-MSFT-2016,2016-06-11,acquirer,Microsoft Corporation,789019,manifest_announcement_accession,7372,10-K|0001193125-15-272806|2015-07-31|2015-07-31T15:07:52-04:00;10-Q|0001193125-16-550254|2016-04-21|2016-04-21T16:10:33-04:00,unknown,unknown,yes,unknown,no_qualifying_disclosure_in_reviewed_filings,,,,,,,,,,,,,,,,,0001193125-15-272806,10-K,2015-07-31,2015-07-31T15:07:52-04:00,https://www.sec.gov/Archives/edgar/data/789019/000119312515272806/d918813d10k.htm,Item 8,237260,"We use swaps, futures, and option contracts, not designated as hedging instruments, to generate and manage exposures to broad-based commodity indices."
DEAL-ODP-SPLS-2015,2015-02-04,target,"Office Depot, Inc.",800240,reviewed_manifest_cik,5940,10-K|0001193125-14-065991|2014-02-25|2014-02-25T06:14:00-05:00;10-Q|0001193125-14-395039|2014-11-04|2014-11-04T06:54:02-05:00,unknown,yes,yes,labeled,,,,,,,,,,0001193125-14-065991,10-K,2014-02-25,2014-02-25T06:14:00-05:00,https://www.sec.gov/Archives/edgar/data/800240/000119312514065991/d654584d10k.htm,Item 1A,49922,"While we may hedge our anticipated fuel purchases, the underlying commodity costs associated with this transport activity have been volatile in recent years and disruptions in availability of fuel could cause our operating costs to rise significantly to the extent not covered by our hedges.",0001193125-14-065991,10-K,2014-02-25,2014-02-25T06:14:00-05:00,https://www.sec.gov/Archives/edgar/data/800240/000119312514065991/d654584d10k.htm,Item 1A,49922,"While we may hedge our anticipated fuel purchases, the underlying commodity costs associated with this transport activity have been volatile in recent years and disruptions in availability of fuel could cause our operating costs to rise significantly to the extent not covered by our hedges."
DEAL-ODP-SPLS-2015,2015-02-04,acquirer,"Staples, Inc.",791519,manifest_announcement_accession,5940,10-K|0000791519-14-000007|2014-03-06|2014-03-06T06:15:44-05:00;10-Q|0000791519-14-000095|2014-11-19|2014-11-19T06:04:14-05:00,unknown,unknown,unknown,unknown,no_qualifying_disclosure_in_reviewed_filings,,,,,,,,,,,,,,,,,,,,,,,,
DEAL-HUM-AET-2015,2015-07-02,target,Humana Inc.,49071,reviewed_manifest_cik,6324,10-K|0000049071-15-000019|2015-02-18|2015-02-18T16:27:38-05:00;10-Q|0000049071-15-000061|2015-04-29|2015-04-29T16:11:58-04:00,unknown,unknown,unknown,unknown,no_qualifying_disclosure_in_reviewed_filings,,,,,,,,,,,,,,,,,,,,,,,,
DEAL-HUM-AET-2015,2015-07-02,acquirer,Aetna Inc.,1122304,manifest_announcement_accession,6324,10-K|0001122304-15-000038|2015-02-27|2015-02-27T16:13:42-05:00;10-Q|0001122304-15-000074|2015-04-28|2015-04-28T16:05:41-04:00,unknown,unknown,unknown,unknown,no_qualifying_disclosure_in_reviewed_filings,,,,,,,,,,,,,,,,,,,,,,,,
DEAL-WFM-AMZN-2017,2017-06-15,target,"Whole Foods Market, Inc.",865436,reviewed_manifest_cik,5411,10-K|0000865436-16-000366|2016-11-18|2016-11-18T10:05:09-05:00;10-Q|0000865436-17-000100|2017-05-19|2017-05-19T10:44:58-04:00,unknown,unknown,yes,unknown,no_qualifying_disclosure_in_reviewed_filings,,,,,,,,,,,,,,,,,0000865436-16-000366,10-K,2016-11-18,2016-11-18T10:05:09-05:00,https://www.sec.gov/Archives/edgar/data/865436/000086543616000366/wfm10k2016.htm,Item 8,168184,The Company utilizes forward purchases to limit its exposures to changes in commodity prices.
DEAL-WFM-AMZN-2017,2017-06-15,acquirer,"Amazon.com, Inc.",1018724,manifest_announcement_accession,5961,10-K|0001018724-17-000011|2017-02-10|2017-02-09T22:56:36-05:00;10-Q|0001018724-17-000051|2017-04-28|2017-04-27T23:05:44-04:00,unknown,unknown,unknown,unknown,no_qualifying_disclosure_in_reviewed_filings,,,,,,,,,,,,,,,,,,,,,,,,
DEAL-MON-BAYER-2016,2016-09-14,target,Monsanto Company,1110783,reviewed_manifest_cik,2870,10-K|0001110783-15-000230|2015-10-29|2015-10-29T11:40:47-04:00;10-Q|0001110783-16-000444|2016-06-30|2016-06-30T15:47:31-04:00,yes,yes,yes,labeled,,0001110783-15-000230,10-K,2015-10-29,2015-10-29T11:40:47-04:00,https://www.sec.gov/Archives/edgar/data/1110783/000111078315000230/mon-20150831x10k.htm,Item 7,20621,"For example, we have obtained licenses to certain technologies that we use to produce Roundup Ready seeds and Genuity SmartStax corn.",0001110783-15-000230,10-K,2015-10-29,2015-10-29T11:40:47-04:00,https://www.sec.gov/Archives/edgar/data/1110783/000111078315000230/mon-20150831x10k.htm,Item 1A,46994,"Where practical, we use hedging strategies and raw material supply agreements that contain terms designed to mitigate the risk of short-term changes in commodity prices.",0001110783-15-000230,10-K,2015-10-29,2015-10-29T11:40:47-04:00,https://www.sec.gov/Archives/edgar/data/1110783/000111078315000230/mon-20150831x10k.htm,Item 1A,46994,"Where practical, we use hedging strategies and raw material supply agreements that contain terms designed to mitigate the risk of short-term changes in commodity prices."
DEAL-MON-BAYER-2016,2016-09-14,acquirer,Bayer Aktiengesellschaft,,manifest_announcement_accession,,,unknown,unknown,unknown,unknown,acquirer_no_unique_sec_registrant,,,,,,,,,,,,,,,,,,,,,,,,
DEAL-CI-ANTM-2015,2015-07-23,target,Cigna Corporation,701221,reviewed_manifest_cik,6324,10-K|0001047469-15-001276|2015-02-26|2015-02-26T14:59:18-05:00;10-Q|0001104659-15-032254|2015-04-30|2015-04-30T13:26:33-04:00,unknown,unknown,unknown,unknown,no_qualifying_disclosure_in_reviewed_filings,,,,,,,,,,,,,,,,,,,,,,,,
DEAL-CI-ANTM-2015,2015-07-23,acquirer,"Anthem, Inc.",1156039,manifest_announcement_accession,6324,10-K|0001156039-15-000003|2015-02-24|2015-02-24T18:20:29-05:00;10-Q|0001156039-15-000006|2015-04-29|2015-04-29T14:38:37-04:00,unknown,unknown,unknown,unknown,no_qualifying_disclosure_in_reviewed_filings,,,,,,,,,,,,,,,,,,,,,,,,
DEAL-BHI-HAL-2014,2014-11-16,target,Baker Hughes Incorporated,808362,reviewed_manifest_cik,3533,10-K|0000808362-14-000007|2014-02-12|2014-02-12T17:24:37-05:00;10-Q|0000808362-14-000051|2014-10-21|2014-10-21T15:46:58-04:00,unknown,yes,unknown,labeled,,,,,,,,,,0000808362-14-000007,10-K,2014-02-12,2014-02-12T17:24:37-05:00,https://www.sec.gov/Archives/edgar/data/808362/000080836214000007/fiscalyear2013form10-k.htm,Item 8,114209,"Despite the increase in revenue, our profit before tax was significantly impacted by reduced prices, increased raw material expenses and higher personnel costs in our pressure pumping product line in North America.",,,,,,,,
DEAL-BHI-HAL-2014,2014-11-16,acquirer,Halliburton Company,45012,manifest_announcement_accession,1389,10-K|0000045012-14-000069|2014-02-07|2014-02-07T11:18:05-05:00;10-Q|0000045012-14-000341|2014-10-24|2014-10-24T10:57:35-04:00,unknown,yes,unknown,labeled,,,,,,,,,,0000045012-14-000069,10-K,2014-02-07,2014-02-07T11:18:05-05:00,https://www.sec.gov/Archives/edgar/data/45012/000004501214000069/hal-12312013x10k.htm,Item 1,67387,"Constraints in the supply of, prices for, and availability of transportation of raw materials can have a material adverse effect on our business and consolidated results of operations.",,,,,,,,
DEAL-ATVI-MSFT-2022,2022-01-18,target,"Activision Blizzard, Inc.",718877,reviewed_manifest_cik,7372,10-K|0001628280-21-002828|2021-02-23|2021-02-23T16:19:41-05:00;10-Q|0001628280-21-021200|2021-11-02|2021-11-02T16:33:40-04:00,unknown,unknown,unknown,unknown,no_qualifying_disclosure_in_reviewed_filings,,,,,,,,,,,,,,,,,,,,,,,,
DEAL-ATVI-MSFT-2022,2022-01-18,acquirer,Microsoft Corporation,789019,manifest_announcement_accession,7372,10-K|0001564590-21-039151|2021-07-29|2021-07-29T16:21:55-04:00;10-Q|0001564590-21-051992|2021-10-26|2021-10-26T16:11:30-04:00,unknown,unknown,unknown,unknown,no_qualifying_disclosure_in_reviewed_filings,,,,,,,,,,,,,,,,,,,,,,,,
DEAL-TWTR-XHOLDINGS-2022,2022-04-25,target,"Twitter, Inc.",1418091,reviewed_manifest_cik,7370,10-K|0001418091-22-000029|2022-02-16|2022-02-16T16:28:53-05:00,unknown,unknown,unknown,unknown,no_qualifying_disclosure_in_reviewed_filings,,,,,,,,,,,,,,,,,,,,,,,,
DEAL-TWTR-XHOLDINGS-2022,2022-04-25,acquirer,"X Holdings I, Inc.",,manifest_announcement_accession,,,unknown,unknown,unknown,unknown,acquirer_pe_buyer_unresolved,,,,,,,,,,,,,,,,,,,,,,,,
DEAL-TWC-CMCSA-2014,2014-02-12,target,Time Warner Cable Inc.,1377013,reviewed_manifest_cik,4841,10-K|0001193125-13-062081|2013-02-15|2013-02-15T12:24:41-05:00;10-Q|0001193125-13-419621|2013-10-31|2013-10-31T07:36:17-04:00,unknown,unknown,unknown,unknown,no_qualifying_disclosure_in_reviewed_filings,,,,,,,,,,,,,,,,,,,,,,,,
DEAL-TWC-CMCSA-2014,2014-02-12,acquirer,Comcast Corporation,1166691,manifest_announcement_accession,4841,10-K|0001193125-13-067658|2013-02-21|2013-02-20T18:48:53-05:00;10-Q|0001193125-13-417832|2013-10-30|2013-10-30T12:35:30-04:00,unknown,yes,unknown,labeled,,,,,,,,,,0001193125-13-067658,10-K,2013-02-21,2013-02-20T18:48:53-05:00,https://www.sec.gov/Archives/edgar/data/1166691/000119312513067658/d458593d10k.htm,Item 3,111996,"For example, climate change regulation, such as proposed greenhouse gas emissions limits or cap and trade programs, could result in an increase in the cost of electricity, which is a significant component of our operational costs at some locations.",,,,,,,,
DEAL-PACB-ILMN-2018,2018-11-01,target,"Pacific Biosciences of California, Inc.",1299130,reviewed_manifest_cik,3826,10-K|0001299130-18-000018|2018-02-26|2018-02-26T21:16:29-05:00;10-Q|0001299130-18-000057|2018-08-03|2018-08-03T20:06:16-04:00,unknown,unknown,unknown,unknown,no_qualifying_disclosure_in_reviewed_filings,,,,,,,,,,,,,,,,,,,,,,,,
DEAL-PACB-ILMN-2018,2018-11-01,acquirer,"Illumina, Inc.",1110803,manifest_announcement_accession,3826,10-K|0001110803-18-000009|2018-02-13|2018-02-13T00:09:09-05:00;10-Q|0001110803-18-000031|2018-10-24|2018-10-23T23:46:12-04:00,unknown,unknown,unknown,unknown,no_qualifying_disclosure_in_reviewed_filings,,,,,,,,,,,,,,,,,,,,,,,,
DEAL-CERN-ORCL-2021,2021-12-20,target,Cerner Corporation,804753,reviewed_manifest_cik,7373,10-K|0000804753-21-000009|2021-02-19|2021-02-19T16:06:55-05:00;10-Q|0000804753-21-000052|2021-10-29|2021-10-29T16:02:19-04:00,unknown,unknown,unknown,unknown,no_qualifying_disclosure_in_reviewed_filings,,,,,,,,,,,,,,,,,,,,,,,,
DEAL-CERN-ORCL-2021,2021-12-20,acquirer,Oracle Corporation,,manifest_announcement_accession,,,unknown,unknown,unknown,unknown,acquirer_no_unique_sec_registrant,,,,,,,,,,,,,,,,,,,,,,,,
DEAL-NUAN-MSFT-2021,2021-04-11,target,"Nuance Communications, Inc.",1002517,reviewed_manifest_cik,7372,10-K|0001002517-20-000058|2020-11-19|2020-11-19T16:47:49-05:00;10-Q|0001002517-21-000018|2021-02-09|2021-02-09T16:05:48-05:00,unknown,unknown,unknown,unknown,no_qualifying_disclosure_in_reviewed_filings,,,,,,,,,,,,,,,,,,,,,,,,
DEAL-NUAN-MSFT-2021,2021-04-11,acquirer,Microsoft Corporation,789019,manifest_announcement_accession,7372,10-K|0001564590-20-034944|2020-07-30|2020-07-30T20:44:46-04:00;10-Q|0001564590-21-002316|2021-01-26|2021-01-26T16:09:34-05:00,unknown,unknown,unknown,unknown,no_qualifying_disclosure_in_reviewed_filings,,,,,,,,,,,,,,,,,,,,,,,,
DEAL-FIVN-ZM-2021,2021-07-16,target,"Five9, Inc.",1288847,reviewed_manifest_cik,7374,10-K|0001288847-21-000029|2021-03-01|2021-02-26T21:24:34-05:00;10-Q|0001288847-21-000069|2021-04-29|2021-04-29T16:22:31-04:00,unknown,unknown,unknown,unknown,no_qualifying_disclosure_in_reviewed_filings,,,,,,,,,,,,,,,,,,,,,,,,
DEAL-FIVN-ZM-2021,2021-07-16,acquirer,"Zoom Video Communications, Inc.",1585521,manifest_announcement_accession,7370,10-K|0001585521-21-000048|2021-03-18|2021-03-18T20:03:41-04:00;10-Q|0001585521-21-000131|2021-06-02|2021-06-02T20:02:58-04:00,unknown,unknown,unknown,unknown,no_qualifying_disclosure_in_reviewed_filings,,,,,,,,,,,,,,,,,,,,,,,,
DEAL-MNTV-ZEN-2021,2021-10-28,target,Momentive Global Inc.,1739936,reviewed_manifest_cik,7370,10-K|0001564590-21-006682|2021-02-18|2021-02-18T16:28:58-05:00;10-Q|0001564590-21-041563|2021-08-05|2021-08-05T16:02:40-04:00,unknown,unknown,unknown,unknown,no_qualifying_disclosure_in_reviewed_filings,,,,,,,,,,,,,,,,,,,,,,,,
DEAL-MNTV-ZEN-2021,2021-10-28,acquirer,"Zendesk, Inc.",1463172,manifest_announcement_accession,7374,10-K|0001463172-21-000054|2021-02-12|2021-02-12T17:13:11-05:00;10-Q|0001463172-21-000323|2021-07-30|2021-07-30T17:05:06-04:00,unknown,unknown,unknown,unknown,no_qualifying_disclosure_in_reviewed_filings,,,,,,,,,,,,,,,,,,,,,,,,
DEAL-ALTR-INTC-2015,2015-05-31,target,Altera Corporation,768251,reviewed_manifest_cik,3674,10-K|0000768251-15-000008|2015-02-13|2015-02-13T15:48:54-05:00;10-Q|0000768251-15-000021|2015-04-24|2015-04-24T13:33:01-04:00,unknown,unknown,unknown,unknown,no_qualifying_disclosure_in_reviewed_filings,,,,,,,,,,,,,,,,,,,,,,,,
DEAL-ALTR-INTC-2015,2015-05-31,acquirer,Intel Corporation,50863,manifest_announcement_accession,3674,10-K|0000050863-15-000015|2015-02-13|2015-02-13T09:11:52-05:00;10-Q|0000050863-15-000028|2015-04-27|2015-04-27T17:11:48-04:00,unknown,unknown,unknown,unknown,no_qualifying_disclosure_in_reviewed_filings,,,,,,,,,,,,,,,,,,,,,,,,
DEAL-APC-OXY-2019,2019-05-09,target,Anadarko Petroleum Corporation,773910,reviewed_manifest_cik,1311,10-K|0000773910-19-000009|2019-02-14|2019-02-14T17:23:13-05:00;10-Q|0000773910-19-000034|2019-05-08|2019-05-08T14:01:49-04:00,yes,unknown,yes,labeled,,0000773910-19-000009,10-K,2019-02-14,2019-02-14T17:23:13-05:00,https://www.sec.gov/Archives/edgar/data/773910/000077391019000009/apc201810k-10k.htm,Item 7A,35902,The Company produces oil and NGLs through the El Merk central processing facility (CPF) in Block 208 and oil through the Hassi Berkine South and Ourhoud CPFs in Block 404A.,,,,,,,,,0000773910-19-000009,10-K,2019-02-14,2019-02-14T17:23:13-05:00,https://www.sec.gov/Archives/edgar/data/773910/000077391019000009/apc201810k-10k.htm,Item 8,148530,"In addition, our commodity-price risk-management and trading activities may expose us to the risk of financial loss in certain circumstances, including instances in which the following occur: . – . our production is less than the notional volume . – . a widening of price basis differentials occurs between delivery points for our production and the delivery point assumed in the derivative arrangeme"
DEAL-APC-OXY-2019,2019-05-09,acquirer,Occidental Petroleum Corporation,,manifest_announcement_accession,,,unknown,unknown,unknown,unknown,acquirer_not_identified_in_merger_filing,,,,,,,,,,,,,,,,,,,,,,,,
DEAL-ARNA-PFE-2021,2021-12-12,target,"Arena Pharmaceuticals, Inc.",1080709,reviewed_manifest_cik,2834,10-K|0001564590-21-007609|2021-02-23|2021-02-23T16:51:31-05:00;10-Q|0001080709-21-000038|2021-11-04|2021-11-04T16:53:49-04:00,unknown,unknown,unknown,unknown,no_qualifying_disclosure_in_reviewed_filings,,,,,,,,,,,,,,,,,,,,,,,,
DEAL-ARNA-PFE-2021,2021-12-12,acquirer,Pfizer Inc.,78003,manifest_announcement_accession,2834,10-K|0000078003-21-000038|2021-02-25|2021-02-25T13:59:00-05:00;10-Q|0000078003-21-000107|2021-11-12|2021-11-12T06:06:57-05:00,unknown,unknown,unknown,unknown,no_qualifying_disclosure_in_reviewed_filings,,,,,,,,,,,,,,,,,,,,,,,,
DEAL-AVLR-VISTA-2022,2022-08-08,target,"Avalara, Inc.",1348036,reviewed_manifest_cik,7372,10-K|0001564590-22-006696|2022-02-24|2022-02-24T16:08:27-05:00;10-Q|0001564590-22-018342|2022-05-06|2022-05-05T17:41:05-04:00,unknown,unknown,unknown,unknown,no_qualifying_disclosure_in_reviewed_filings,,,,,,,,,,,,,,,,,,,,,,,,
DEAL-AVLR-VISTA-2022,2022-08-08,acquirer,"Lava Intermediate, Inc.",,manifest_announcement_accession,,,unknown,unknown,unknown,unknown,acquirer_pe_buyer_unresolved,,,,,,,,,,,,,,,,,,,,,,,,
DEAL-CHNG-UNH-2021,2021-01-06,target,Change Healthcare Inc.,1756497,reviewed_manifest_cik,7374,10-K|0001193125-20-160834|2020-06-04|2020-06-04T17:23:05-04:00;10-Q|0001193125-20-286867|2020-11-05|2020-11-05T16:31:18-05:00,unknown,unknown,unknown,unknown,no_qualifying_disclosure_in_reviewed_filings,,,,,,,,,,,,,,,,,,,,,,,,
DEAL-CHNG-UNH-2021,2021-01-06,acquirer,UnitedHealth Group Incorporated,731766,manifest_announcement_accession,6324,10-K|0000731766-20-000006|2020-02-14|2020-02-14T22:18:38-05:00;10-Q|0000731766-20-000049|2020-11-02|2020-11-02T21:15:17-05:00,unknown,unknown,unknown,unknown,no_qualifying_disclosure_in_reviewed_filings,,,,,,,,,,,,,,,,,,,,,,,,
DEAL-CLDR-KKRCDR-2021,2021-06-01,target,"Cloudera, Inc.",1535379,reviewed_manifest_cik,7372,10-K|0001628280-21-005632|2021-03-25|2021-03-25T16:24:58-04:00,unknown,unknown,unknown,unknown,no_qualifying_disclosure_in_reviewed_filings,,,,,,,,,,,,,,,,,,,,,,,,
DEAL-CLDR-KKRCDR-2021,2021-06-01,acquirer,Sky Parent Inc.,,manifest_announcement_accession,,,unknown,unknown,unknown,unknown,acquirer_pe_buyer_unresolved,,,,,,,,,,,,,,,,,,,,,,,,
DEAL-CONE-KKRGIP-2021,2021-11-14,target,CyrusOne Inc.,1553023,reviewed_manifest_cik,6798,10-K|0001553023-21-000012|2021-02-19|2021-02-19T16:25:35-05:00;10-Q|0001553023-21-000091|2021-10-28|2021-10-28T16:51:58-04:00,unknown,yes,unknown,labeled,,,,,,,,,,0001553023-21-000012,10-K,2021-02-19,2021-02-19T16:25:35-05:00,https://www.sec.gov/Archives/edgar/data/1553023/000155302321000012/cone-20201231.htm,Item 7A,363650,"Certain of our operating costs are subject to price fluctuations caused by the volatility of the underlying commodity prices, including electricity used in our data center operations, and building materials, such as steel and copper, used in the construction of our data centers.",,,,,,,,
DEAL-CONE-KKRGIP-2021,2021-11-14,acquirer,Cavalry Parent L.P.,,manifest_announcement_accession,,,unknown,unknown,unknown,unknown,acquirer_pe_buyer_unresolved,,,,,,,,,,,,,,,,,,,,,,,,
DEAL-COR-AMT-2021,2021-11-14,target,CoreSite Realty Corporation,1490892,reviewed_manifest_cik,6798,10-K|0001558370-21-000757|2021-02-05|2021-02-05T07:18:21-05:00;10-Q|0001558370-21-013788|2021-10-29|2021-10-29T07:17:49-04:00,unknown,yes,unknown,labeled,,,,,,,,,,0001558370-21-000757,10-K,2021-02-05,2021-02-05T07:18:21-05:00,https://www.sec.gov/Archives/edgar/data/1490892/000155837021000757/cor-20201231x10k.htm,Item 1,140417,Table of Contents . renewable electricity generation may increase our costs of electricity above those that would be incurred through procurement of conventional electricity.,,,,,,,,
DEAL-COR-AMT-2021,2021-11-14,acquirer,American Tower Corporation,,manifest_announcement_accession,,,unknown,unknown,unknown,unknown,acquirer_no_unique_sec_registrant,,,,,,,,,,,,,,,,,,,,,,,,
DEAL-COUP-TB-2022,2022-12-11,target,Coupa Software Incorporated,1385867,reviewed_manifest_cik,7372,10-K|0001385867-22-000010|2022-03-16|2022-03-16T16:03:18-04:00;10-Q|0001385867-22-000041|2022-09-07|2022-09-06T19:40:05-04:00,unknown,unknown,unknown,unknown,no_qualifying_disclosure_in_reviewed_filings,,,,,,,,,,,,,,,,,,,,,,,,
DEAL-COUP-TB-2022,2022-12-11,acquirer,"Project CS Parent, LLC",,manifest_announcement_accession,,,unknown,unknown,unknown,unknown,acquirer_pe_buyer_unresolved,,,,,,,,,,,,,,,,,,,,,,,,
DEAL-CTXS-PE-2022,2022-01-31,target,"Citrix Systems, Inc.",877890,reviewed_manifest_cik,7372,10-K|0000877890-21-000051|2021-02-08|2021-02-08T10:41:42-05:00;10-Q|0000877890-21-000351|2021-11-08|2021-11-08T11:45:23-05:00,unknown,unknown,unknown,unknown,no_qualifying_disclosure_in_reviewed_filings,,,,,,,,,,,,,,,,,,,,,,,,
DEAL-CTXS-PE-2022,2022-01-31,acquirer,"Picard Parent, Inc.",,manifest_announcement_accession,,,unknown,unknown,unknown,unknown,acquirer_pe_buyer_unresolved,,,,,,,,,,,,,,,,,,,,,,,,
DEAL-CXO-COP-2020,2020-10-18,target,Concho Resources Inc.,1358071,reviewed_manifest_cik,1311,10-K|0001358071-20-000011|2020-02-19|2020-02-19T16:09:53-05:00;10-Q|0001358071-20-000045|2020-07-31|2020-07-30T20:03:20-04:00,yes,unknown,yes,labeled,,0001358071-20-000011,10-K,2020-02-19,2020-02-19T16:09:53-05:00,https://www.sec.gov/Archives/edgar/data/1358071/000135807120000011/cxo-1231201910k.htm,Item 2,48197,Our Oil and Natural Gas Reserves . 31 .,,,,,,,,,0001358071-20-000011,10-K,2020-02-19,2020-02-19T16:09:53-05:00,https://www.sec.gov/Archives/edgar/data/1358071/000135807120000011/cxo-1231201910k.htm,Item 1,65500,This presentation of average prices with derivatives is a means by which to reflect the actual cash performance of our commodity derivatives for the respective periods and presents oil and natural gas prices with derivatives in a manner consistent with the presentation generally used by the investment community. 4 .
DEAL-CXO-COP-2020,2020-10-18,acquirer,ConocoPhillips,1163165,manifest_announcement_accession,2911,10-K|0001193125-20-039954|2020-02-18|2020-02-18T12:23:02-05:00;10-Q|0001562762-20-000267|2020-08-04|2020-08-04T12:09:14-04:00,yes,unknown,yes,labeled,,0001193125-20-039954,10-K,2020-02-18,2020-02-18T12:23:02-05:00,https://www.sec.gov/Archives/edgar/data/1163165/000119312520039954/d875559d10k.htm,pre-Item (cover/intro),108752,Alaska operations contributed 25 percent . of our worldwide liquids production and less . than 1 . percent of our natural gas production. 2019.,,,,,,,,,0001193125-20-039954,10-K,2020-02-18,2020-02-18T12:23:02-05:00,https://www.sec.gov/Archives/edgar/data/1163165/000119312520039954/d875559d10k.htm,Item 7A,341044,"We use a VaR . model to estimate the loss in fair value that . could potentially result on a single day from the . effect of adverse changes in market conditions on the derivative . financial instruments and derivative . commodity instruments we hold or issue, including . commodity purchases and sales contracts . recorded on the . balance sheet at December 31, 2019, . as derivative instruments."
DEAL-DRE-PLD-2022,2022-06-13,target,Duke Realty Corporation,783280,reviewed_manifest_cik,6798,10-K|0000783280-22-000010|2022-02-18|2022-02-17T18:31:33-05:00;10-Q|0000783280-22-000033|2022-04-29|2022-04-28T17:47:16-04:00,unknown,unknown,unknown,unknown,no_qualifying_disclosure_in_reviewed_filings,,,,,,,,,,,,,,,,,,,,,,,,
DEAL-DRE-PLD-2022,2022-06-13,acquirer,"Prologis, Inc.",1045609,manifest_announcement_accession,6798,10-K|0001564590-22-004436|2022-02-09|2022-02-09T17:07:38-05:00;10-Q|0001564590-22-015684|2022-04-26|2022-04-26T16:15:11-04:00,unknown,unknown,unknown,unknown,no_qualifying_disclosure_in_reviewed_filings,,,,,,,,,,,,,,,,,,,,,,,,
DEAL-GNW-OCEANWIDE-2016,2016-10-21,target,"Genworth Financial, Inc.",1276520,reviewed_manifest_cik,6311,10-K|0001193125-16-482185|2016-02-26|2016-02-26T16:56:29-05:00;10-Q|0001193125-16-670233|2016-08-03|2016-08-03T17:07:18-04:00,unknown,unknown,unknown,unknown,no_qualifying_disclosure_in_reviewed_filings,,,,,,,,,,,,,,,,,,,,,,,,
DEAL-GNW-OCEANWIDE-2016,2016-10-21,acquirer,"Asia Pacific Global Capital Co., Ltd.",,manifest_announcement_accession,,,unknown,unknown,unknown,unknown,acquirer_pe_buyer_unresolved,,,,,,,,,,,,,,,,,,,,,,,,
DEAL-HZNP-AMGN-2022,2022-12-11,target,Horizon Therapeutics plc,1492426,reviewed_manifest_cik,2834,10-K|0001564590-22-007863|2022-03-01|2022-03-01T07:26:00-05:00;10-Q|0000950170-22-020973|2022-11-02|2022-11-02T07:16:25-04:00,unknown,unknown,unknown,unknown,no_qualifying_disclosure_in_reviewed_filings,,,,,,,,,,,,,,,,,,,,,,,,
DEAL-HZNP-AMGN-2022,2022-12-11,acquirer,Amgen Inc.,318154,manifest_announcement_accession,2836,10-K|0000318154-22-000010|2022-02-16|2022-02-16T16:39:53-05:00;10-Q|0000318154-22-000055|2022-11-04|2022-11-03T19:24:04-04:00,unknown,unknown,unknown,unknown,no_qualifying_disclosure_in_reviewed_filings,,,,,,,,,,,,,,,,,,,,,,,,
DEAL-IMGN-ABBV-2023,2023-11-30,target,"ImmunoGen, Inc.",855654,reviewed_manifest_cik,2834,10-K|0001558370-23-002558|2023-03-01|2023-03-01T16:02:36-05:00;10-Q|0001558370-23-017411|2023-11-02|2023-11-02T16:05:50-04:00,unknown,unknown,unknown,unknown,no_qualifying_disclosure_in_reviewed_filings,,,,,,,,,,,,,,,,,,,,,,,,
DEAL-IMGN-ABBV-2023,2023-11-30,acquirer,AbbVie Inc.,1551152,manifest_announcement_accession,2834,10-K|0001551152-23-000011|2023-02-17|2023-02-17T17:54:29-05:00;10-Q|0001551152-23-000045|2023-11-06|2023-11-06T18:01:04-05:00,unknown,unknown,unknown,unknown,no_qualifying_disclosure_in_reviewed_filings,,,,,,,,,,,,,,,,,,,,,,,,
DEAL-IRBT-AMZN-2022,2022-08-04,target,iRobot Corporation,1159167,reviewed_manifest_cik,3630,10-K|0001159167-22-000009|2022-02-15|2022-02-15T17:28:21-05:00;10-Q|0001159167-22-000030|2022-05-05|2022-05-05T16:49:35-04:00,unknown,yes,unknown,labeled,,,,,,,,,,0001159167-22-000009,10-K,2022-02-15,2022-02-15T17:28:21-05:00,https://www.sec.gov/Archives/edgar/data/1159167/000115916722000009/irbt-20220101.htm,Item 1,28766,"Other 2021 highlights included our efforts to mitigate semiconductor chip shortages that constrained production of our floor cleaning robots and address a range of supply chain challenges that resulted in higher-than-expected costs for components, raw materials and transportation.",,,,,,,,
DEAL-IRBT-AMZN-2022,2022-08-04,acquirer,"Amazon.com, Inc.",1018724,manifest_announcement_accession,5961,10-K|0001018724-22-000005|2022-02-04|2022-02-03T23:46:51-05:00;10-Q|0001018724-22-000019|2022-07-29|2022-07-28T22:24:06-04:00,unknown,unknown,unknown,unknown,no_qualifying_disclosure_in_reviewed_filings,,,,,,,,,,,,,,,,,,,,,,,,
DEAL-LLTC-ADI-2016,2016-07-26,target,Linear Technology Corporation,791907,reviewed_manifest_cik,3674,10-K|0000791907-15-000099|2015-08-19|2015-08-19T14:54:51-04:00;10-Q|0000791907-16-000173|2016-05-05|2016-05-05T13:04:30-04:00,unknown,unknown,unknown,unknown,no_qualifying_disclosure_in_reviewed_filings,,,,,,,,,,,,,,,,,,,,,,,,
DEAL-LLTC-ADI-2016,2016-07-26,acquirer,"Analog Devices, Inc.",6281,manifest_announcement_accession,3674,10-K|0000006281-15-000044|2015-11-24|2015-11-24T13:12:56-05:00;10-Q|0000006281-16-000067|2016-05-18|2016-05-18T12:12:05-04:00,unknown,yes,unknown,labeled,,,,,,,,,,0000006281-15-000044,10-K,2015-11-24,2015-11-24T13:12:56-05:00,https://www.sec.gov/Archives/edgar/data/6281/000000628115000044/adi-10312015x10k.htm,Item 1A,74959,"Earthquakes, tsunamis, flooding or other natural disasters may disrupt local semiconductor-related businesses and adversely affect manufacturing capacity, availability and cost of key raw materials, utilities and equipment, and availability of key services, including transport of our products worldwide.",,,,,,,,
DEAL-LSCC-CANYONBRIDGE-2016,2016-11-03,target,Lattice Semiconductor Corporation,855658,reviewed_manifest_cik,3674,10-K|0000855658-16-000180|2016-03-02|2016-03-02T17:24:29-05:00;10-Q|0000855658-16-000282|2016-08-11|2016-08-11T15:00:57-04:00,unknown,unknown,unknown,unknown,no_qualifying_disclosure_in_reviewed_filings,,,,,,,,,,,,,,,,,,,,,,,,
DEAL-LSCC-CANYONBRIDGE-2016,2016-11-03,acquirer,"Canyon Bridge Acquisition Company, Inc.",,manifest_announcement_accession,,,unknown,unknown,unknown,unknown,acquirer_pe_buyer_unresolved,,,,,,,,,,,,,,,,,,,,,,,,
DEAL-MDLA-TB-2021,2021-07-25,target,"Medallia, Inc.",1540184,reviewed_manifest_cik,7370,10-K|0001540184-21-000004|2021-03-22|2021-03-22T06:17:53-04:00;10-Q|0001540184-21-000017|2021-06-04|2021-06-04T16:29:35-04:00,unknown,unknown,unknown,unknown,no_qualifying_disclosure_in_reviewed_filings,,,,,,,,,,,,,,,,,,,,,,,,
DEAL-MDLA-TB-2021,2021-07-25,acquirer,"Project Metal Parent, LLC",,manifest_announcement_accession,,,unknown,unknown,unknown,unknown,acquirer_pe_buyer_unresolved,,,,,,,,,,,,,,,,,,,,,,,,
DEAL-MRO-COP-2024,2024-05-28,target,Marathon Oil Corporation,101778,reviewed_manifest_cik,1311,10-K|0000101778-24-000023|2024-02-22|2024-02-22T16:33:31-05:00;10-Q|0000101778-24-000099|2024-05-02|2024-05-02T16:12:30-04:00,yes,unknown,yes,labeled,,0000101778-24-000023,10-K,2024-02-22,2024-02-22T16:33:31-05:00,https://www.sec.gov/Archives/edgar/data/101778/000010177824000023/mro-20231231.htm,Item 7,73734,"Proved reserves are required to be disclosed by continent and by country if the proved reserves related to any geographic area, on an oil equivalent barrel basis, represent 15% or more of our total proved reserves.",,,,,,,,,0000101778-24-000023,10-K,2024-02-22,2024-02-22T16:33:31-05:00,https://www.sec.gov/Archives/edgar/data/101778/000010177824000023/mro-20231231.htm,Item 7A,265291,"We employ various strategies, including the use of financial derivatives to manage the risks related to commodity price and interest rate fluctuations."
DEAL-MRO-COP-2024,2024-05-28,acquirer,ConocoPhillips,1163165,manifest_announcement_accession,2911,10-K|0001163165-24-000010|2024-02-15|2024-02-15T14:01:15-05:00;10-Q|0001163165-24-000023|2024-05-02|2024-05-02T13:30:34-04:00,yes,unknown,yes,labeled,,0001163165-24-000010,10-K,2024-02-15,2024-02-15T14:01:15-05:00,https://www.sec.gov/Archives/edgar/data/1163165/000116316524000010/cop-20231231.htm,pre-Item (cover/intro),96824,Approximately 85 percent of our proved reserves are in countries that belong to the Organization for Economic Cooperation and Development.,,,,,,,,,0001163165-24-000010,10-K,2024-02-15,2024-02-15T14:01:15-05:00,https://www.sec.gov/Archives/edgar/data/1163165/000116316524000010/cop-20231231.htm,Item 7A,325461,"• Consistent with our policy to generally remain exposed to market prices, we use swap contracts to convert fixed-price sales contracts, which are often requested by natural gas consumers, to floating market prices."
DEAL-MXIM-ADI-2020,2020-07-12,target,"Maxim Integrated Products, Inc.",743316,reviewed_manifest_cik,3674,10-K|0000743316-19-000024|2019-08-21|2019-08-21T17:25:03-04:00;10-Q|0000743316-20-000015|2020-04-29|2020-04-29T17:23:41-04:00,unknown,unknown,unknown,unknown,no_qualifying_disclosure_in_reviewed_filings,,,,,,,,,,,,,,,,,,,,,,,,
DEAL-MXIM-ADI-2020,2020-07-12,acquirer,"Analog Devices, Inc.",6281,manifest_announcement_accession,3674,10-K|0000006281-19-000144|2019-11-26|2019-11-26T21:26:04-05:00;10-Q|0000006281-20-000087|2020-05-20|2020-05-20T15:20:35-04:00,unknown,yes,unknown,labeled,,,,,,,,,,0000006281-19-000144,10-K,2019-11-26,2019-11-26T21:26:04-05:00,https://www.sec.gov/Archives/edgar/data/6281/000000628119000144/adi-20191102.htm,Item 1A,119989,"Earthquakes, tsunamis, flooding or other natural disasters may disrupt local semiconductor-related businesses and adversely affect manufacturing capacity, availability and cost of key raw materials, utilities and equipment, and availability of key services, including transport of our products worldwide.",,,,,,,,
DEAL-NLSN-EVERGREEN-2022,2022-03-28,target,Nielsen Holdings plc,1492633,reviewed_manifest_cik,7389,10-K|0001564590-22-007612|2022-02-28|2022-02-28T16:07:49-05:00,unknown,unknown,unknown,unknown,no_qualifying_disclosure_in_reviewed_filings,,,,,,,,,,,,,,,,,,,,,,,,
DEAL-NLSN-EVERGREEN-2022,2022-03-28,acquirer,Neptune Intermediate Jersey Limited,,manifest_announcement_accession,,,unknown,unknown,unknown,unknown,acquirer_pe_buyer_unresolved,,,,,,,,,,,,,,,,,,,,,,,,
DEAL-PFPT-TB-2021,2021-04-25,target,"Proofpoint, Inc.",1212458,reviewed_manifest_cik,7374,10-K|0001564590-21-006943|2021-02-19|2021-02-19T16:06:34-05:00,unknown,yes,unknown,labeled,,,,,,,,,,0001564590-21-006943,10-K,2021-02-19,2021-02-19T16:06:34-05:00,https://www.sec.gov/Archives/edgar/data/1212458/000156459021006943/pfpt-10k_20201231.htm,Item 1A,146463,"If we or the third-party data center facilities that we use to deliver our services were to experience a major power outage or if the cost of electricity were to increase significantly, our operations and financial results could be harmed.",,,,,,,,
DEAL-PFPT-TB-2021,2021-04-25,acquirer,"Project Kafka Parent, LLC",,manifest_announcement_accession,,,unknown,unknown,unknown,unknown,acquirer_pe_buyer_unresolved,,,,,,,,,,,,,,,,,,,,,,,,
DEAL-PXD-XOM-2023,2023-10-10,target,Pioneer Natural Resources Company,1038357,reviewed_manifest_cik,1311,10-K|0001038357-23-000039|2023-02-23|2023-02-23T17:22:54-05:00;10-Q|0001038357-23-000084|2023-08-01|2023-08-01T16:42:53-04:00,yes,unknown,yes,labeled,,0001038357-23-000039,10-K,2023-02-23,2023-02-23T17:22:54-05:00,https://www.sec.gov/Archives/edgar/data/1038357/000103835723000039/pxd-20221231.htm,Item 8,58029,"The loss of one of these significant purchasers or an inability to secure adequate pipeline, gas plant and NGL fractionation infrastructure for production could have a material adverse effect on the Company's ability to produce and sell its oil, NGL and gas production.",,,,,,,,,0001038357-23-000039,10-K,2023-02-23,2023-02-23T17:22:54-05:00,https://www.sec.gov/Archives/edgar/data/1038357/000103835723000039/pxd-20221231.htm,Item 8,272902,The Company primarily utilizes derivative contracts to reduce the effect of price volatility on the commodities the Company produces and sells.
DEAL-PXD-XOM-2023,2023-10-10,acquirer,Exxon Mobil Corporation,34088,manifest_announcement_accession,2911,10-K|0000034088-23-000020|2023-02-22|2023-02-22T16:37:14-05:00;10-Q|0000034088-23-000048|2023-08-01|2023-08-01T10:44:12-04:00,yes,unknown,yes,labeled,,0000034088-23-000020,10-K,2023-02-22,2023-02-22T16:37:14-05:00,https://www.sec.gov/Archives/edgar/data/34088/000003408823000020/xom-20221231.htm,Item 1A,85391,Our ability to maintain and grow our oil and gas production depends on the success of our exploration and development efforts.,,,,,,,,,0000034088-23-000020,10-K,2023-02-22,2023-02-22T16:37:14-05:00,https://www.sec.gov/Archives/edgar/data/34088/000003408823000020/xom-20221231.htm,Item 1A,73397,Market factors may also result in losses from commodity derivatives and other instruments we use to hedge price exposures or for trading purposes.
DEAL-RAD-WBA-2015,2015-10-27,target,Rite Aid Corporation,84129,reviewed_manifest_cik,5912,10-K|0001047469-15-003838|2015-04-23|2015-04-23T15:52:55-04:00;10-Q|0001104659-15-069389|2015-10-06|2015-10-06T14:36:27-04:00,unknown,unknown,unknown,unknown,no_qualifying_disclosure_in_reviewed_filings,,,,,,,,,,,,,,,,,,,,,,,,
DEAL-RAD-WBA-2015,2015-10-27,acquirer,"Walgreens Boots Alliance, Inc.",,manifest_announcement_accession,,,unknown,unknown,unknown,unknown,acquirer_no_unique_sec_registrant,,,,,,,,,,,,,,,,,,,,,,,,
DEAL-RCII-VINTAGE-2018,2018-06-17,target,"Rent-A-Center, Inc.",933036,reviewed_manifest_cik,7359,10-K|0000933036-18-000010|2018-03-01|2018-03-01T00:50:05-05:00;10-Q|0000933036-18-000015|2018-05-03|2018-05-03T17:45:38-04:00,unknown,unknown,unknown,unknown,no_qualifying_disclosure_in_reviewed_filings,,,,,,,,,,,,,,,,,,,,,,,,
DEAL-RCII-VINTAGE-2018,2018-06-17,acquirer,"Vintage Rodeo Parent, LLC",,manifest_announcement_accession,,,unknown,unknown,unknown,unknown,acquirer_pe_buyer_unresolved,,,,,,,,,,,,,,,,,,,,,,,,
DEAL-RESI-AMHERST-2020,2020-02-17,target,Front Yard Residential Corporation,1555039,reviewed_manifest_cik,6500,10-K|0001555039-19-000006|2019-02-27|2019-02-27T07:35:38-05:00;10-Q|0001555039-19-000069|2019-11-06|2019-11-06T07:47:24-05:00,unknown,unknown,unknown,unknown,no_qualifying_disclosure_in_reviewed_filings,,,,,,,,,,,,,,,,,,,,,,,,
DEAL-RESI-AMHERST-2020,2020-02-17,acquirer,"BAF Holdings, LLC",,manifest_announcement_accession,,,unknown,unknown,unknown,unknown,acquirer_pe_buyer_unresolved,,,,,,,,,,,,,,,,,,,,,,,,
DEAL-RP-TB-2020,2020-12-20,target,"RealPage, Inc.",1286225,reviewed_manifest_cik,7372,10-K|0001286225-20-000011|2020-03-02|2020-03-02T07:16:40-05:00;10-Q|0001286225-20-000036|2020-11-06|2020-11-06T16:16:24-05:00,unknown,unknown,unknown,unknown,no_qualifying_disclosure_in_reviewed_filings,,,,,,,,,,,,,,,,,,,,,,,,
DEAL-RP-TB-2020,2020-12-20,acquirer,"Mirasol Parent, LLC",,manifest_announcement_accession,,,unknown,unknown,unknown,unknown,acquirer_pe_buyer_unresolved,,,,,,,,,,,,,,,,,,,,,,,,
DEAL-SAIL-TB-2022,2022-04-10,target,"SailPoint Technologies Holdings, Inc.",1627857,reviewed_manifest_cik,7372,10-K|0001627857-22-000030|2022-02-28|2022-02-28T16:39:52-05:00,unknown,unknown,unknown,unknown,no_qualifying_disclosure_in_reviewed_filings,,,,,,,,,,,,,,,,,,,,,,,,
DEAL-SAIL-TB-2022,2022-04-10,acquirer,"Project Hotel California Holdings, LP",,manifest_announcement_accession,,,unknown,unknown,unknown,unknown,acquirer_pe_buyer_unresolved,,,,,,,,,,,,,,,,,,,,,,,,
DEAL-SAVE-ULCC-2022,2022-02-05,target,"Spirit Airlines, Inc.",1498710,reviewed_manifest_cik,4512,10-K|0001498710-21-000020|2021-02-10|2021-02-10T16:27:22-05:00;10-Q|0001498710-21-000126|2021-10-27|2021-10-27T16:13:33-04:00,unknown,yes,yes,labeled,,,,,,,,,,0001498710-21-000020,10-K,2021-02-10,2021-02-10T16:27:22-05:00,https://www.sec.gov/Archives/edgar/data/1498710/000149871021000020/save-20201231.htm,Item 1A,110519,"Due to the large proportion of aircraft fuel costs in our total operating cost base, even a relatively small increase or decrease in the price of aircraft fuel can have a significant negative impact on our operating costs or revenues and on our business, results of operations and financial condition.",0001498710-21-000020,10-K,2021-02-10,2021-02-10T16:27:22-05:00,https://www.sec.gov/Archives/edgar/data/1498710/000149871021000020/save-20201231.htm,Item 1A,111557,"Our derivatives may generally consist of United States Gulf Coast jet fuel swaps (""jet fuel swaps"") and United States Gulf Coast jet fuel options (""jet fuel options"")."
DEAL-SAVE-ULCC-2022,2022-02-05,acquirer,"Frontier Group Holdings, Inc.",,manifest_announcement_accession,,,unknown,unknown,unknown,unknown,acquirer_no_unique_sec_registrant,,,,,,,,,,,,,,,,,,,,,,,,
DEAL-SGEN-PFE-2023,2023-03-12,target,Seagen Inc.,1060736,reviewed_manifest_cik,2836,10-K|0001060736-23-000009|2023-02-15|2023-02-15T17:18:25-05:00,unknown,unknown,unknown,unknown,no_qualifying_disclosure_in_reviewed_filings,,,,,,,,,,,,,,,,,,,,,,,,
DEAL-SGEN-PFE-2023,2023-03-12,acquirer,Pfizer Inc.,78003,manifest_announcement_accession,2834,10-K|0000078003-23-000024|2023-02-23|2023-02-23T14:12:53-05:00,unknown,yes,unknown,labeled,,,,,,,,,,0000078003-23-000024,10-K,2023-02-23,2023-02-23T14:12:53-05:00,https://www.sec.gov/Archives/edgar/data/78003/000007800323000024/pfe-20221231.htm,Item 1,294068,"These risks could increase operating costs, including the cost of our electricity and energy use, or other compliance costs.",,,,,,,,
DEAL-SPLK-CSCO-2023,2023-09-20,target,Splunk Inc.,1353283,reviewed_manifest_cik,7372,10-K|0001353283-23-000011|2023-03-23|2023-03-23T16:13:18-04:00;10-Q|0001353283-23-000034|2023-08-24|2023-08-24T16:06:47-04:00,unknown,unknown,unknown,unknown,no_qualifying_disclosure_in_reviewed_filings,,,,,,,,,,,,,,,,,,,,,,,,
DEAL-SPLK-CSCO-2023,2023-09-20,acquirer,"Cisco Systems, Inc.",858877,manifest_announcement_accession,3576,10-K|0000858877-23-000023|2023-09-07|2023-09-07T16:30:09-04:00,unknown,yes,unknown,labeled,,,,,,,,,,0000858877-23-000023,10-K,2023-09-07,2023-09-07T16:30:09-04:00,https://www.sec.gov/Archives/edgar/data/858877/000085887723000023/csco-20230729.htm,Item 1,167976,An increase in the value of the dollar could increase the real cost to our customers of our products in those markets outside the United States where we sell in dollars and a weakened dollar could increase the cost of local operating expenses and procurement of raw materials to the extent that we must purchase components in foreign currencies.,,,,,,,,
DEAL-STOR-GIC-2022,2022-09-15,target,STORE Capital Corporation,1538990,reviewed_manifest_cik,6798,10-K|0001558370-22-002011|2022-02-25|2022-02-24T20:06:33-05:00;10-Q|0001558370-22-012296|2022-08-05|2022-08-04T17:35:05-04:00,unknown,unknown,unknown,unknown,no_qualifying_disclosure_in_reviewed_filings,,,,,,,,,,,,,,,,,,,,,,,,
DEAL-STOR-GIC-2022,2022-09-15,acquirer,"Ivory Parent, LLC",,manifest_announcement_accession,,,unknown,unknown,unknown,unknown,acquirer_pe_buyer_unresolved,,,,,,,,,,,,,,,,,,,,,,,,
DEAL-SWCH-DIGITALBRIDGE-2022,2022-05-11,target,"Switch, Inc.",1710583,reviewed_manifest_cik,7370,10-K|0001710583-22-000009|2022-03-01|2022-03-01T16:12:17-05:00;10-Q|0001710583-22-000021|2022-05-10|2022-05-10T16:57:56-04:00,unknown,yes,unknown,labeled,,,,,,,,,,0001710583-22-000009,10-K,2022-03-01,2022-03-01T16:12:17-05:00,https://www.sec.gov/Archives/edgar/data/1710583/000171058322000009/swch-20211231.htm,Item 1A,271938,"Gross profit, or revenue less cost of revenue, and gross margin, or gross profit as a percentage of revenue, have been and will continue to be affected by various factors, including customer growth, the expansion of our existing data centers or opening of new data centers, and the cost of our utilities, specifically electricity.",,,,,,,,
DEAL-SWCH-DIGITALBRIDGE-2022,2022-05-11,acquirer,Sunshine Bidco Inc.,,manifest_announcement_accession,,,unknown,unknown,unknown,unknown,acquirer_pe_buyer_unresolved,,,,,,,,,,,,,,,,,,,,,,,,
DEAL-WORK-CRM-2020,2020-12-01,target,"Slack Technologies, Inc.",1764925,reviewed_manifest_cik,7372,10-K|0001764925-20-000251|2020-03-12|2020-03-12T16:32:09-04:00;10-Q|0001764925-20-000570|2020-09-08|2020-09-08T17:16:59-04:00,unknown,unknown,unknown,unknown,no_qualifying_disclosure_in_reviewed_filings,,,,,,,,,,,,,,,,,,,,,,,,
DEAL-WORK-CRM-2020,2020-12-01,acquirer,"salesforce.com, inc.",1108524,manifest_announcement_accession,7372,10-K|0001108524-20-000014|2020-03-05|2020-03-05T16:29:57-05:00;10-Q|0001108524-20-000041|2020-08-28|2020-08-28T07:59:20-04:00,unknown,unknown,unknown,unknown,no_qualifying_disclosure_in_reviewed_filings,,,,,,,,,,,,,,,,,,,,,,,,
DEAL-XLNX-AMD-2020,2020-10-26,target,"Xilinx, Inc.",743988,reviewed_manifest_cik,3674,10-K|0000743988-20-000020|2020-05-08|2020-05-08T16:11:06-04:00;10-Q|0000743988-20-000051|2020-10-22|2020-10-22T16:15:50-04:00,unknown,unknown,unknown,unknown,no_qualifying_disclosure_in_reviewed_filings,,,,,,,,,,,,,,,,,,,,,,,,
DEAL-XLNX-AMD-2020,2020-10-26,acquirer,"Advanced Micro Devices, Inc.",2488,manifest_announcement_accession,3674,10-K|0000002488-20-000008|2020-02-04|2020-02-04T17:21:47-05:00;10-Q|0000002488-20-000103|2020-07-29|2020-07-29T16:52:29-04:00,unknown,unknown,unknown,unknown,no_qualifying_disclosure_in_reviewed_filings,,,,,,,,,,,,,,,,,,,,,,,,
DEAL-XLRN-MRK-2021,2021-09-29,target,Acceleron Pharma Inc.,1280600,reviewed_manifest_cik,2836,10-K|0001280600-21-000017|2021-02-25|2021-02-25T16:11:25-05:00;10-Q|0001280600-21-000066|2021-08-05|2021-08-05T16:22:59-04:00,unknown,unknown,unknown,unknown,no_qualifying_disclosure_in_reviewed_filings,,,,,,,,,,,,,,,,,,,,,,,,
DEAL-XLRN-MRK-2021,2021-09-29,acquirer,Merck Sharp & Dohme Corp.,,manifest_announcement_accession,,,unknown,unknown,unknown,unknown,acquirer_no_unique_sec_registrant,,,,,,,,,,,,,,,,,,,,,,,,
DEAL-ZEN-ZORO-2022,2022-06-24,target,"Zendesk, Inc.",1463172,reviewed_manifest_cik,7374,10-K|0001463172-22-000027|2022-02-15|2022-02-15T17:14:33-05:00;10-Q|0001463172-22-000120|2022-04-29|2022-04-29T17:14:28-04:00,unknown,unknown,unknown,unknown,no_qualifying_disclosure_in_reviewed_filings,,,,,,,,,,,,,,,,,,,,,,,,
DEAL-ZEN-ZORO-2022,2022-06-24,acquirer,"Zoro BidCo, Inc.",,manifest_announcement_accession,,,unknown,unknown,unknown,unknown,acquirer_pe_buyer_unresolved,,,,,,,,,,,,,,,,,,,,,,,,
DEAL-VOCUS-GTCR-2014,2014-04-07,target,"Vocus, Inc.",1329919,reviewed_manifest_cik,7372,10-K|0001193125-14-089209|2014-03-07|2014-03-07T16:33:00-05:00,unknown,unknown,unknown,unknown,no_qualifying_disclosure_in_reviewed_filings,,,,,,,,,,,,,,,,,,,,,,,,
DEAL-VOCUS-GTCR-2014,2014-04-07,acquirer,"GTCR Beltsville Holdings, LLC",,manifest_announcement_accession,,,unknown,unknown,unknown,unknown,acquirer_pe_buyer_unresolved,,,,,,,,,,,,,,,,,,,,,,,,
DEAL-COBRA-MONOMO-2014,2014-08-28,target,COBRA ELECTRONICS CORP,30828,reviewed_manifest_cik,3663,10-K|0001193125-14-103877|2014-03-18|2014-03-18T13:06:21-04:00;10-Q|0001193125-14-307697|2014-08-13|2014-08-13T10:00:52-04:00,unknown,yes,yes,labeled,,,,,,,,,,0001193125-14-103877,10-K,2014-03-18,2014-03-18T13:06:21-04:00,https://www.sec.gov/Archives/edgar/data/30828/000119312514103877/d642189d10k.htm,Item 1A,51526,The impact of higher commodity prices and increased labor costs overseas may reduce the profitability of our business.,0001193125-14-103877,10-K,2014-03-18,2014-03-18T13:06:21-04:00,https://www.sec.gov/Archives/edgar/data/30828/000119312514103877/d642189d10k.htm,Item 7A,127996,"Table of Contents . not use derivative financial or commodity instruments for trading or speculative purposes, however, forward contracts are used occasionally for hedging a portion of the Company’s British pound and euro denominated transactions."
DEAL-COBRA-MONOMO-2014,2014-08-28,acquirer,Monomoy Capital Partners,,manifest_announcement_accession,,,unknown,unknown,unknown,unknown,acquirer_pe_buyer_unresolved,,,,,,,,,,,,,,,,,,,,,,,,
DEAL-ANNIE-GENERA-2014,2014-09-08,target,"Annie's, Inc.",1431897,reviewed_manifest_cik,2000,10-K|0001445305-14-002425|2014-06-02|2014-06-02T06:23:30-04:00;10-Q|0001445305-14-003508|2014-08-07|2014-08-07T17:20:38-04:00,unknown,yes,unknown,labeled,,,,,,,,,,0001445305-14-002425,10-K,2014-06-02,2014-06-02T06:23:30-04:00,https://www.sec.gov/Archives/edgar/data/1431897/000144530514002425/bnny-03312014x10k.htm,Item 1,33666,"In fiscal 2014, we completed the implementation of a transportation management system, which focused on increasing visibility within the supply chain while lowering freight costs for moving raw materials between suppliers and contract manufacturers.",,,,,,,,
DEAL-ANNIE-GENERA-2014,2014-09-08,acquirer,General Mills,40704,manifest_announcement_accession,2040,10-K|0001193125-14-260716|2014-07-03|2014-07-03T19:00:07-04:00,unknown,yes,yes,labeled,,,,,,,,,,0001193125-14-260716,10-K,2014-07-03,2014-07-03T19:00:07-04:00,https://www.sec.gov/Archives/edgar/data/40704/000119312514260716/d749341d10k.htm,Item 1,29992,Volatility in the market value of derivatives we use to manage exposures to fluctuations in commodity prices will cause volatility in our gross margins and net earnings.,0001193125-14-260716,10-K,2014-07-03,2014-07-03T19:00:07-04:00,https://www.sec.gov/Archives/edgar/data/40704/000119312514260716/d749341d10k.htm,Item 1,29992,Volatility in the market value of derivatives we use to manage exposures to fluctuations in commodity prices will cause volatility in our gross margins and net earnings.
DEAL-SABA-VECTOR-2015,2015-02-11,target,SABA SOFTWARE INC,1070380,reviewed_manifest_cik,7372,,unknown,unknown,unknown,unknown,no_preannouncement_annual_report_in_window,,,,,,,,,,,,,,,,,,,,,,,,
DEAL-SABA-VECTOR-2015,2015-02-11,acquirer,Vector Capital,,manifest_announcement_accession,,,unknown,unknown,unknown,unknown,acquirer_pe_buyer_unresolved,,,,,,,,,,,,,,,,,,,,,,,,
DEAL-SUTRON-HACH-2015,2015-06-22,target,SUTRON CORP,728331,reviewed_manifest_cik,3829,10-K|0001185185-15-000726|2015-03-31|2015-03-31T14:45:00-04:00;10-Q|0001185185-15-001300|2015-05-15|2015-05-15T14:16:02-04:00,unknown,unknown,unknown,unknown,no_qualifying_disclosure_in_reviewed_filings,,,,,,,,,,,,,,,,,,,,,,,,
DEAL-SUTRON-HACH-2015,2015-06-22,acquirer,Hach Company,313616,manifest_announcement_accession,3823,10-K|0000313616-15-000038|2015-02-25|2015-02-24T18:01:50-05:00;10-Q|0000313616-15-000052|2015-04-23|2015-04-22T18:07:09-04:00,unknown,yes,unknown,labeled,,,,,,,,,,0000313616-15-000038,10-K,2015-02-25,2015-02-24T18:01:50-05:00,https://www.sec.gov/Archives/edgar/data/313616/000031361615000038/dhr-20141231x10xk.htm,Item 1,114142,Our financial results are subject to fluctuations in the cost and availability of commodities that we use in our operations.,,,,,,,,
DEAL-SCIQUE-ACCEL-2016,2016-05-31,target,SCIQUEST INC,1082526,reviewed_manifest_cik,7372,10-K|0001564590-16-013005|2016-02-22|2016-02-22T17:10:53-05:00;10-Q|0001564590-16-018270|2016-05-06|2016-05-06T16:11:16-04:00,unknown,unknown,unknown,unknown,no_qualifying_disclosure_in_reviewed_filings,,,,,,,,,,,,,,,,,,,,,,,,
DEAL-SCIQUE-ACCEL-2016,2016-05-31,acquirer,Accel-KKR,,manifest_announcement_accession,,,unknown,unknown,unknown,unknown,acquirer_pe_buyer_unresolved,,,,,,,,,,,,,,,,,,,,,,,,
DEAL-IMPRIV-THOMA-2016,2016-07-13,target,Imprivata Inc,1328015,reviewed_manifest_cik,7372,10-K|0001564590-16-013831|2016-03-02|2016-03-01T20:05:06-05:00;10-Q|0001564590-16-018180|2016-05-06|2016-05-06T11:12:54-04:00,unknown,unknown,unknown,unknown,no_qualifying_disclosure_in_reviewed_filings,,,,,,,,,,,,,,,,,,,,,,,,
DEAL-IMPRIV-THOMA-2016,2016-07-13,acquirer,Thoma Bravo,,manifest_announcement_accession,,,unknown,unknown,unknown,unknown,acquirer_pe_buyer_unresolved,,,,,,,,,,,,,,,,,,,,,,,,
DEAL-MATERI-NEW-2014,2014-01-09,target,MATERIAL SCIENCES CORP,755003,reviewed_manifest_cik,3470,10-K|0001193125-13-200743|2013-05-06|2013-05-06T11:27:25-04:00;10-Q|0001193125-13-395959|2013-10-10|2013-10-10T07:00:50-04:00,unknown,yes,yes,labeled,,,,,,,,,,0001193125-13-200743,10-K,2013-05-06,2013-05-06T11:27:25-04:00,https://www.sec.gov/Archives/edgar/data/755003/000119312513200743/d499862d10k.htm,Item 1A,36476,Our future profitability may be adversely affected to the extent we are unable to pass higher raw material costs to our customers.,0001193125-13-395959,10-Q,2013-10-10,2013-10-10T07:00:50-04:00,https://www.sec.gov/Archives/edgar/data/755003/000119312513395959/d579458d10q.htm,Item 1,11655,We use derivative instruments with the objective of managing our financial and operational exposure arising from these risks: primarily commodity price risk.
DEAL-MATERI-NEW-2014,2014-01-09,acquirer,New Star Metals,,manifest_announcement_accession,,,unknown,unknown,unknown,unknown,acquirer_pe_buyer_unresolved,,,,,,,,,,,,,,,,,,,,,,,,
DEAL-AMERIC-HIGLAS-2014,2014-01-10,target,AMERICAN PACIFIC CORP,350832,reviewed_manifest_cik,2810,10-K|0001193125-13-472044|2013-12-13|2013-12-12T18:13:33-05:00,unknown,yes,unknown,labeled,,,,,,,,,,0001193125-13-472044,10-K,2013-12-13,2013-12-12T18:13:33-05:00,https://www.sec.gov/Archives/edgar/data/350832/000119312513472044/d598318d10k.htm,Item 8,71660,Significant increases in the cost of raw materials or component parts may have an adverse impact on margins if we are unable to pass along such increases to our customers.,,,,,,,,
DEAL-AMERIC-HIGLAS-2014,2014-01-10,acquirer,H.I.G. LAS VEGAS,,manifest_announcement_accession,,,unknown,unknown,unknown,unknown,acquirer_pe_buyer_unresolved,,,,,,,,,,,,,,,,,,,,,,,,
DEAL-BEAM-SUNTOR-2014,2014-01-13,target,BEAM INC,789073,reviewed_manifest_cik,2080,10-K|0001193125-13-076953|2013-02-26|2013-02-26T16:25:32-05:00;10-Q|0001193125-13-432988|2013-11-07|2013-11-07T16:41:00-05:00,unknown,yes,unknown,labeled,,,,,,,,,,0001193125-13-076953,10-K,2013-02-26,2013-02-26T16:25:32-05:00,https://www.sec.gov/Archives/edgar/data/789073/000119312513076953/d457573d10k.htm,Item 1A,31544,"Accordingly, we are exposed to risks associated with raw material price volatility arising from supply conditions, geopolitical and economic variables, and other unpredictable external factors.",,,,,,,,
DEAL-BEAM-SUNTOR-2014,2014-01-13,acquirer,Suntory,,manifest_announcement_accession,,,unknown,unknown,unknown,unknown,acquirer_no_unique_sec_registrant,,,,,,,,,,,,,,,,,,,,,,,,
DEAL-CEC-APOLLO-2014,2014-01-16,target,CEC ENTERTAINMENT INC,813920,reviewed_manifest_cik,5812,10-K|0001193125-13-069499|2013-02-21|2013-02-21T17:01:32-05:00;10-Q|0000813920-13-000042|2013-10-31|2013-10-31T16:11:08-04:00,unknown,yes,unknown,labeled,,,,,,,,,,0001193125-13-069499,10-K,2013-02-21,2013-02-21T17:01:32-05:00,https://www.sec.gov/Archives/edgar/data/813920/000119312513069499/d446272d10k.htm,Item 7A,155680,"We are exposed to commodity price changes related to certain food products that we purchase, primarily related to the prices of cheese and dough, which can vary throughout the year due to changes in supply, demand and other factors.",,,,,,,,
DEAL-CEC-APOLLO-2014,2014-01-16,acquirer,Apollo Global Management,,manifest_announcement_accession,,,unknown,unknown,unknown,unknown,acquirer_no_unique_sec_registrant,,,,,,,,,,,,,,,,,,,,,,,,
DEAL-AMCOL-IMERYS-2014,2014-02-12,target,AMCOL INTERNATIONAL CORP,813621,reviewed_manifest_cik,1400,10-K|0001140361-13-016072|2013-04-10|2013-04-10T12:56:12-04:00;10-Q|0001140361-13-041459|2013-11-08|2013-11-08T17:24:04-05:00,unknown,yes,unknown,labeled,,,,,,,,,,0001140361-13-016072,10-K,2013-04-10,2013-04-10T12:56:12-04:00,https://www.sec.gov/Archives/edgar/data/813621/000114036113016072/form10k.htm,Item 8,111459,"Gross profit margins, however, decreased 140 basis points due to increased production and raw material costs in addition to decreased profitability of jobs within our contracting services product line.",,,,,,,,
DEAL-AMCOL-IMERYS-2014,2014-02-12,acquirer,IMERYS SA,,manifest_announcement_accession,,,unknown,unknown,unknown,unknown,acquirer_no_unique_sec_registrant,,,,,,,,,,,,,,,,,,,,,,,,
DEAL-COLE-AMERIC-2014,2014-03-21,target,Cole Credit Property Trust Inc,1289272,reviewed_manifest_cik,6798,10-K|0001289272-13-000004|2013-03-28|2013-03-27T20:11:21-04:00;10-Q|0001289272-13-000018|2013-11-13|2013-11-13T17:12:09-05:00,unknown,unknown,unknown,unknown,no_qualifying_disclosure_in_reviewed_filings,,,,,,,,,,,,,,,,,,,,,,,,
DEAL-COLE-AMERIC-2014,2014-03-21,acquirer,American Realty Capital Properties,1507385,manifest_announcement_accession,6798,10-K|0001507385-14-000004|2014-02-27|2014-02-27T06:26:25-05:00,unknown,unknown,unknown,unknown,no_qualifying_disclosure_in_reviewed_filings,,,,,,,,,,,,,,,,,,,,,,,,
DEAL-DFC-LONE-2014,2014-04-02,target,DFC GLOBAL CORP.,1271625,reviewed_manifest_cik,6099,10-K|0001193125-13-352311|2013-08-29|2013-08-29T17:17:05-04:00;10-Q|0001193125-14-043422|2014-02-10|2014-02-10T17:04:56-05:00,unknown,unknown,unknown,unknown,no_qualifying_disclosure_in_reviewed_filings,,,,,,,,,,,,,,,,,,,,,,,,
DEAL-DFC-LONE-2014,2014-04-02,acquirer,Lone Star Funds,,manifest_announcement_accession,,,unknown,unknown,unknown,unknown,acquirer_pe_buyer_unresolved,,,,,,,,,,,,,,,,,,,,,,,,
DEAL-ZYGO-AMETEK-2014,2014-04-15,target,ZYGO CORP,730716,reviewed_manifest_cik,3827,10-K|0000930413-13-004563|2013-09-13|2013-09-13T16:10:14-04:00;10-Q|0000930413-14-000859|2014-02-25|2014-02-25T16:43:59-05:00,unknown,unknown,unknown,unknown,no_qualifying_disclosure_in_reviewed_filings,,,,,,,,,,,,,,,,,,,,,,,,
DEAL-ZYGO-AMETEK-2014,2014-04-15,acquirer,AMETEK,1037868,manifest_announcement_accession,3823,10-K|0001193125-14-069080|2014-02-26|2014-02-26T12:22:45-05:00,unknown,yes,unknown,labeled,,,,,,,,,,0001193125-14-069080,10-K,2014-02-26,2014-02-26T12:22:45-05:00,https://www.sec.gov/Archives/edgar/data/1037868/000119312514069080/d654083d10k.htm,Item 1A,47612,"Shortages in raw materials or price increases therefore could affect the prices we charge, our operating costs and our competitive position, which could adversely affect our business, financial condition, results of operations and cash flows.",,,,,,,,
DEAL-POKERT-MULTIM-2014,2014-04-30,target,"POKERTEK, INC.",1302177,reviewed_manifest_cik,3990,10-K|0001445866-14-000138|2014-03-21|2014-03-21T16:33:39-04:00,unknown,unknown,unknown,unknown,no_qualifying_disclosure_in_reviewed_filings,,,,,,,,,,,,,,,,,,,,,,,,
DEAL-POKERT-MULTIM-2014,2014-04-30,acquirer,MULTIMEDIA GAMES,896400,manifest_announcement_accession,7900,10-K|0000896400-13-000055|2013-11-14|2013-11-14T06:18:22-05:00;10-Q|0000896400-14-000008|2014-01-30|2014-01-30T07:16:56-05:00,unknown,unknown,unknown,unknown,no_qualifying_disclosure_in_reviewed_filings,,,,,,,,,,,,,,,,,,,,,,,,
DEAL-BARRY-MRGB-2014,2014-05-02,target,BARRY R G CORP /OH/,749872,reviewed_manifest_cik,3140,10-K|0001193125-13-363944|2013-09-11|2013-09-11T14:49:22-04:00;10-Q|0000749872-14-000006|2014-02-05|2014-02-05T17:25:32-05:00,unknown,yes,unknown,labeled,,,,,,,,,,0001193125-13-363944,10-K,2013-09-11,2013-09-11T14:49:22-04:00,https://www.sec.gov/Archives/edgar/data/749872/000119312513363944/d544497d10k.htm,Item 1A,47817,"Thus, our own costs are subject to fluctuations, particularly due to changes in the cost of raw materials and cost of labor in the locations where our products are manufactured, foreign exchange and interest rates.",,,,,,,,
DEAL-BARRY-MRGB-2014,2014-05-02,acquirer,MRGB HOLD CO,,manifest_announcement_accession,,,unknown,unknown,unknown,unknown,acquirer_pe_buyer_unresolved,,,,,,,,,,,,,,,,,,,,,,,,
DEAL-MKTG-AEGIS-2014,2014-05-27,target,"'mktg, inc.'",886475,reviewed_manifest_cik,7310,10-K|0001019056-13-000804|2013-06-24|2013-06-24T17:31:08-04:00;10-Q|0001019056-14-000207|2014-02-14|2014-02-14T14:24:48-05:00,unknown,unknown,unknown,unknown,no_qualifying_disclosure_in_reviewed_filings,,,,,,,,,,,,,,,,,,,,,,,,
DEAL-MKTG-AEGIS-2014,2014-05-27,acquirer,Aegis Lifestyle,,manifest_announcement_accession,,,unknown,unknown,unknown,unknown,acquirer_no_unique_sec_registrant,,,,,,,,,,,,,,,,,,,,,,,,
DEAL-HILLSH-TYSON-2014,2014-07-02,target,Hillshire Brands Co,23666,reviewed_manifest_cik,2000,10-K|0000023666-13-000014|2013-08-23|2013-08-23T07:38:00-04:00;10-Q|0000023666-14-000008|2014-05-06|2014-05-06T16:35:13-04:00,yes,yes,yes,labeled,,0000023666-13-000014,10-K,2013-08-23,2013-08-23T07:38:00-04:00,https://www.sec.gov/Archives/edgar/data/23666/000002366613000014/hsh-10kx6302013.htm,Item 1,11972,We raise turkeys and contract with turkey growers to meet our raw material needs.,0000023666-13-000014,10-K,2013-08-23,2013-08-23T07:38:00-04:00,https://www.sec.gov/Archives/edgar/data/23666/000002366613000014/hsh-10kx6302013.htm,Item 1A,38372,Such pressures also may restrict our ability to increase prices in response to raw material and other cost increases.,0000023666-13-000014,10-K,2013-08-23,2013-08-23T07:38:00-04:00,https://www.sec.gov/Archives/edgar/data/23666/000002366613000014/hsh-10kx6302013.htm,Item 1,12256,We utilize commodity financial derivative instruments and forward purchase contracts to manage our exposure to short-term cost fluctuations.
DEAL-HILLSH-TYSON-2014,2014-07-02,acquirer,TYSON FOODS,100493,manifest_announcement_accession,2015,10-K|0000100493-13-000079|2013-11-18|2013-11-18T08:05:19-05:00;10-Q|0000100493-14-000054|2014-05-05|2014-05-05T07:39:19-04:00,yes,yes,yes,labeled,,0000100493-13-000079,10-K,2013-11-18,2013-11-18T08:05:19-05:00,https://www.sec.gov/Archives/edgar/data/100493/000010049313000079/tsn2013q410k.htm,Item 1,5653,"We produce, distribute and market chicken, beef, pork, prepared foods and related allied products.",0000100493-13-000079,10-K,2013-11-18,2013-11-18T08:05:19-05:00,https://www.sec.gov/Archives/edgar/data/100493/000010049313000079/tsn2013q410k.htm,Item 1A,29328,"Fluctuations in commodity prices and in the availability of raw materials, especially feed grains, live cattle, live swine and other inputs could negatively impact our earnings.",0000100493-13-000079,10-K,2013-11-18,2013-11-18T08:05:19-05:00,https://www.sec.gov/Archives/edgar/data/100493/000010049313000079/tsn2013q410k.htm,Item 1A,46914,"We hold certain positions, primarily in grain and livestock futures, that do not qualify as hedges for financial reporting purposes."
DEAL-VITACO-KROGER-2014,2014-07-02,target,"Vitacost.com, Inc.",1401688,reviewed_manifest_cik,5961,10-K|0001437749-14-003335|2014-03-04|2014-03-04T15:59:16-05:00;10-Q|0001437749-14-008400|2014-05-08|2014-05-08T15:50:20-04:00,unknown,yes,unknown,labeled,,,,,,,,,,0001437749-14-003335,10-K,2014-03-04,2014-03-04T15:59:16-05:00,https://www.sec.gov/Archives/edgar/data/1401688/000143774914003335/vitc20131231_10k.htm,Item 1A,85106,"Consequently, we are subject to risks associated with these carriers, including increased fuel costs, security concerns, labor disputes, union organizing activity and inclement weather.",,,,,,,,
DEAL-VITACO-KROGER-2014,2014-07-02,acquirer,Kroger,56873,manifest_announcement_accession,5411,10-K|0001104659-14-024819|2014-04-01|2014-04-01T19:13:54-04:00;10-Q|0001104659-14-049599|2014-07-01|2014-07-01T14:53:24-04:00,unknown,yes,yes,labeled,,,,,,,,,,0001104659-14-024819,10-K,2014-04-01,2014-04-01T19:13:54-04:00,https://www.sec.gov/Archives/edgar/data/56873/000110465914024819/a14-2996_110k.htm,Item 3,25529,Increased fuel prices could also have an effect on consumer spending and on our costs of producing and procuring products that we sell.,0001104659-14-024819,10-K,2014-04-01,2014-04-01T19:13:54-04:00,https://www.sec.gov/Archives/edgar/data/56873/000110465914024819/a14-2996_110k.htm,Item 7A,132234,"We use derivative financial instruments primarily to manage our exposure to fluctuations in interest rates and, to a lesser extent, adverse fluctuations in commodity prices and other market risks."
DEAL-LORILL-IMPERI-2014,2014-07-15,target,"LORILLARD, INC.",1424847,reviewed_manifest_cik,2111,10-K|0001193125-14-062721|2014-02-21|2014-02-21T16:06:25-05:00;10-Q|0001193125-14-157397|2014-04-24|2014-04-24T17:26:11-04:00,unknown,unknown,unknown,unknown,no_qualifying_disclosure_in_reviewed_filings,,,,,,,,,,,,,,,,,,,,,,,,
DEAL-LORILL-IMPERI-2014,2014-07-15,acquirer,Imperial,1275283,manifest_announcement_accession,2111,10-K|0001193125-14-044598|2014-02-11|2014-02-11T09:56:42-05:00;10-Q|0001193125-14-153912|2014-04-23|2014-04-23T10:00:11-04:00,unknown,unknown,unknown,unknown,no_qualifying_disclosure_in_reviewed_filings,,,,,,,,,,,,,,,,,,,,,,,,
DEAL-REYNOL-IMPERI-2014,2014-07-16,target,REYNOLDS AMERICAN INC,1275283,reviewed_manifest_cik,2111,10-K|0001193125-14-044598|2014-02-11|2014-02-11T09:56:42-05:00;10-Q|0001193125-14-153912|2014-04-23|2014-04-23T10:00:11-04:00,unknown,unknown,unknown,unknown,no_qualifying_disclosure_in_reviewed_filings,,,,,,,,,,,,,,,,,,,,,,,,
DEAL-REYNOL-IMPERI-2014,2014-07-16,acquirer,Imperial,,manifest_announcement_accession,,,unknown,unknown,unknown,unknown,acquirer_no_unique_sec_registrant,,,,,,,,,,,,,,,,,,,,,,,,
DEAL-SYMMET-TECOST-2014,2014-08-04,target,Symmetry Medical Inc.,1292055,reviewed_manifest_cik,3842,10-K|0001292055-14-000004|2014-03-10|2014-03-10T15:20:28-04:00;10-Q|0001292055-14-000006|2014-05-02|2014-05-02T09:49:44-04:00,unknown,yes,unknown,labeled,,,,,,,,,,0001292055-14-000004,10-K,2014-03-10,2014-03-10T15:20:28-04:00,https://www.sec.gov/Archives/edgar/data/1292055/000129205514000004/sma-20131228x10k.htm,Item 7A,248796,"We are exposed to fluctuations in commodity prices through the purchase of raw materials that are processed from commodities, such as plastic, titanium, stainless steel, cobalt chrome and aluminum.",,,,,,,,
DEAL-SYMMET-TECOST-2014,2014-08-04,acquirer,TECOSTAR HOLDINGS,,manifest_announcement_accession,,,unknown,unknown,unknown,unknown,acquirer_pe_buyer_unresolved,,,,,,,,,,,,,,,,,,,,,,,,
DEAL-INTERM-ROCHE-2014,2014-08-25,target,INTERMUNE INC,1087432,reviewed_manifest_cik,2834,10-K|0001564590-14-000315|2014-02-24|2014-02-21T18:04:52-05:00;10-Q|0001564590-14-003337|2014-08-07|2014-08-07T17:06:13-04:00,unknown,unknown,unknown,unknown,no_qualifying_disclosure_in_reviewed_filings,,,,,,,,,,,,,,,,,,,,,,,,
DEAL-INTERM-ROCHE-2014,2014-08-25,acquirer,Roche,,manifest_announcement_accession,,,unknown,unknown,unknown,unknown,acquirer_no_unique_sec_registrant,,,,,,,,,,,,,,,,,,,,,,,,
DEAL-BOLT-TELEDY-2014,2014-09-03,target,BOLT TECHNOLOGY CORP,354655,reviewed_manifest_cik,3533,10-K|0001144204-13-050613|2013-09-13|2013-09-13T11:04:09-04:00;10-Q|0001144204-14-028474|2014-05-08|2014-05-08T11:29:36-04:00,unknown,unknown,unknown,unknown,no_qualifying_disclosure_in_reviewed_filings,,,,,,,,,,,,,,,,,,,,,,,,
DEAL-BOLT-TELEDY-2014,2014-09-03,acquirer,Teledyne,1094285,manifest_announcement_accession,3812,10-K|0001094285-14-000072|2014-02-25|2014-02-24T21:53:32-05:00;10-Q|0001094285-14-000164|2014-07-31|2014-07-30T19:32:52-04:00,unknown,yes,unknown,labeled,,,,,,,,,,0001094285-14-000072,10-K,2014-02-25,2014-02-24T21:53:32-05:00,https://www.sec.gov/Archives/edgar/data/1094285/000109428514000072/tdy-20131229x10k.htm,Item 1,43023,"Generally, our businesses have experienced minimal fluctuations in the supply of raw materials, but not without some price volatility.",,,,,,,,
DEAL-TRW-ZFFRIE-2014,2014-09-15,target,TRW AUTOMOTIVE HOLDINGS CORP,1267097,reviewed_manifest_cik,3714,10-K|0001047469-14-000925|2014-02-14|2014-02-14T16:22:33-05:00;10-Q|0001047469-14-006479|2014-07-29|2014-07-29T16:07:57-04:00,unknown,yes,yes,labeled,,,,,,,,,,0001047469-14-000925,10-K,2014-02-14,2014-02-14T16:22:33-05:00,https://www.sec.gov/Archives/edgar/data/1267097/000104746914000925/a2218183z10-k.htm,Item 1,18841,"However, when costs increase, it is generally difficult to pass the full extent of increased prices for manufactured components and raw materials through to our customers in the form of price increases and, even if passed through to some extent, the recovery is typically on a delayed basis.",0001047469-14-000925,10-K,2014-02-14,2014-02-14T16:22:33-05:00,https://www.sec.gov/Archives/edgar/data/1267097/000104746914000925/a2218183z10-k.htm,Item 7A,161635,"We manage foreign currency exchange rate risk, interest rate risk and, to a lesser extent, commodity price risk by utilizing various derivative instruments."
DEAL-TRW-ZFFRIE-2014,2014-09-15,acquirer,ZF Friedrichshafen,,manifest_announcement_accession,,,unknown,unknown,unknown,unknown,acquirer_no_unique_sec_registrant,,,,,,,,,,,,,,,,,,,,,,,,
DEAL-TAMINC-EASTMA-2014,2014-09-16,target,TAMINCO Corp,1547063,reviewed_manifest_cik,2860,10-K|0001193125-14-076514|2014-02-28|2014-02-28T14:18:38-05:00;10-Q|0001547063-14-000018|2014-08-07|2014-08-07T09:34:08-04:00,unknown,yes,no_disclosed,labeled,,,,,,,,,,0001193125-14-076514,10-K,2014-02-28,2014-02-28T14:18:38-05:00,https://www.sec.gov/Archives/edgar/data/1547063/000119312514076514/d644521d10k.htm,Item 15,7191,"• increases in energy costs, in particular natural gas costs, or a disruption in the supply of energy for our operations; .",0001193125-14-076514,10-K,2014-02-28,2014-02-28T14:18:38-05:00,https://www.sec.gov/Archives/edgar/data/1547063/000119312514076514/d644521d10k.htm,Item 7,75781,We do not hedge our natural gas costs.
DEAL-TAMINC-EASTMA-2014,2014-09-16,acquirer,Eastman Chemical Company,915389,manifest_announcement_accession,2821,10-K|0000915389-14-000013|2014-02-28|2014-02-28T16:45:42-05:00;10-Q|0000915389-14-000057|2014-07-30|2014-07-30T17:11:48-04:00,unknown,yes,unknown,labeled,,,,,,,,,,0000915389-14-000013,10-K,2014-02-28,2014-02-28T16:45:42-05:00,https://www.sec.gov/Archives/edgar/data/915389/000091538914000013/emn-12312013x10k.htm,Item 8,198691,Raw material and energy cost decreases were supported by the increased benefits from the Company cracking olefins to produce low-cost propylene and ethylene.,,,,,,,,
DEAL-SIGMA-MERCK-2014,2014-09-22,target,SIGMA ALDRICH CORP,90185,reviewed_manifest_cik,5160,10-K|0000090185-14-000028|2014-02-06|2014-02-06T12:34:54-05:00;10-Q|0000090185-14-000116|2014-07-24|2014-07-24T12:50:27-04:00,unknown,yes,unknown,labeled,,,,,,,,,,0000090185-14-000028,10-K,2014-02-06,2014-02-06T12:34:54-05:00,https://www.sec.gov/Archives/edgar/data/90185/000009018514000028/sial-20131231x10k.htm,Item 1A,53148,"Fluctuations in the availability, quality and prices of raw materials could negatively impact our financial results.",,,,,,,,
DEAL-SIGMA-MERCK-2014,2014-09-22,acquirer,Merck KGaA,,manifest_announcement_accession,,,unknown,unknown,unknown,unknown,acquirer_no_unique_sec_registrant,,,,,,,,,,,,,,,,,,,,,,,,
DEAL-TIBCO-VISTA-2014,2014-09-29,target,TIBCO SOFTWARE INC,1085280,reviewed_manifest_cik,7372,10-K|0001085280-14-000020|2014-01-29|2014-01-29T08:36:48-05:00;10-Q|0001085280-14-000146|2014-07-10|2014-07-10T16:55:41-04:00,unknown,unknown,unknown,unknown,no_qualifying_disclosure_in_reviewed_filings,,,,,,,,,,,,,,,,,,,,,,,,
DEAL-TIBCO-VISTA-2014,2014-09-29,acquirer,VISTA EQUITY PARTNERS,,manifest_announcement_accession,,,unknown,unknown,unknown,unknown,acquirer_pe_buyer_unresolved,,,,,,,,,,,,,,,,,,,,,,,,
DEAL-EINSTE-JAB-2014,2014-09-29,target,EINSTEIN NOAH RESTAURANT GROUP INC,949373,reviewed_manifest_cik,5812,10-K|0001193125-14-073832|2014-02-28|2014-02-27T20:04:32-05:00;10-Q|0001193125-14-290058|2014-08-01|2014-07-31T17:59:49-04:00,unknown,yes,no_disclosed,labeled,,,,,,,,,,0001193125-14-073832,10-K,2014-02-28,2014-02-27T20:04:32-05:00,https://www.sec.gov/Archives/edgar/data/949373/000119312514073832/d629623d10k.htm,Item 8,127696,"This 180 basis point decrease includes savings from our initiatives (-140 basis points) and the leveraged impact of price increases (-80 basis points), partially offset by a shift in product mix (-20 basis points) and deflation in our commodity costs (-20 basis points).",0001193125-14-073832,10-K,2014-02-28,2014-02-27T20:04:32-05:00,https://www.sec.gov/Archives/edgar/data/949373/000119312514073832/d629623d10k.htm,Item 7A,166970,We do not use financial instruments to hedge commodity prices.
DEAL-EINSTE-JAB-2014,2014-09-29,acquirer,JAB Holding Company,,manifest_announcement_accession,,,unknown,unknown,unknown,unknown,acquirer_no_unique_sec_registrant,,,,,,,,,,,,,,,,,,,,,,,,
DEAL-CLECO-COMO-2014,2014-10-20,target,CLECO CORP,1089819,reviewed_manifest_cik,4911,10-K|0001089819-14-000006|2014-02-25|2014-02-25T16:45:20-05:00;10-Q|0001089819-14-000028|2014-07-30|2014-07-30T16:33:35-04:00,unknown,unknown,unknown,unknown,no_qualifying_disclosure_in_reviewed_filings,,,,,,,,,,,,,,,,,,,,,,,,
DEAL-CLECO-COMO-2014,2014-10-20,acquirer,COMO 1 L.P,,manifest_announcement_accession,,,unknown,unknown,unknown,unknown,acquirer_no_unique_sec_registrant,,,,,,,,,,,,,,,,,,,,,,,,
DEAL-DIGITA-INVEST-2014,2014-10-24,target,DIGITAL RIVER INC /DE,1062530,reviewed_manifest_cik,5045,10-K|0001047469-14-001488|2014-02-27|2014-02-27T16:24:19-05:00;10-Q|0001558370-14-000081|2014-08-01|2014-08-01T12:01:39-04:00,unknown,unknown,unknown,unknown,no_qualifying_disclosure_in_reviewed_filings,,,,,,,,,,,,,,,,,,,,,,,,
DEAL-DIGITA-INVEST-2014,2014-10-24,acquirer,Siris Capital Group,,manifest_announcement_accession,,,unknown,unknown,unknown,unknown,acquirer_pe_buyer_unresolved,,,,,,,,,,,,,,,,,,,,,,,,
DEAL-CHYRON-VECTOR-2014,2014-11-17,target,ChyronHego Corp,20232,reviewed_manifest_cik,7330,10-K|0000020232-14-000009|2014-03-14|2014-03-14T10:13:00-04:00;10-Q|0001437749-14-020702|2014-11-14|2014-11-13T18:30:41-05:00,unknown,unknown,unknown,unknown,no_qualifying_disclosure_in_reviewed_filings,,,,,,,,,,,,,,,,,,,,,,,,
DEAL-CHYRON-VECTOR-2014,2014-11-17,acquirer,Vector Capital,,manifest_announcement_accession,,,unknown,unknown,unknown,unknown,acquirer_pe_buyer_unresolved,,,,,,,,,,,,,,,,,,,,,,,,
DEAL-OPLINK-KOCH-2014,2014-11-19,target,OPLINK COMMUNICATIONS INC,1022225,reviewed_manifest_cik,3661,10-K|0001022225-14-000037|2014-09-15|2014-09-12T19:47:01-04:00;10-Q|0001022225-14-000049|2014-11-07|2014-11-06T21:18:57-05:00,unknown,unknown,unknown,unknown,no_qualifying_disclosure_in_reviewed_filings,,,,,,,,,,,,,,,,,,,,,,,,
DEAL-OPLINK-KOCH-2014,2014-11-19,acquirer,KOCH INDUSTRIES,,manifest_announcement_accession,,,unknown,unknown,unknown,unknown,acquirer_no_unique_sec_registrant,,,,,,,,,,,,,,,,,,,,,,,,
DEAL-AVANIR-OTSUKA-2014,2014-12-02,target,"AVANIR PHARMACEUTICALS, INC.",858803,reviewed_manifest_cik,2834,10-K|0001193125-13-468821|2013-12-11|2013-12-10T20:04:03-05:00;10-Q|0001193125-14-298755|2014-08-07|2014-08-06T19:41:22-04:00,unknown,unknown,unknown,unknown,no_qualifying_disclosure_in_reviewed_filings,,,,,,,,,,,,,,,,,,,,,,,,
DEAL-AVANIR-OTSUKA-2014,2014-12-02,acquirer,OTSUKA PHARMACEUTICAL,,manifest_announcement_accession,,,unknown,unknown,unknown,unknown,acquirer_no_unique_sec_registrant,,,,,,,,,,,,,,,,,,,,,,,,
DEAL-MICROF-FORTRE-2014,2014-12-16,target,MICROFINANCIAL INC,827230,reviewed_manifest_cik,6159,10-K|0001193125-14-123850|2014-03-31|2014-03-31T16:04:29-04:00;10-Q|0000827230-14-000005|2014-11-14|2014-11-14T16:29:03-05:00,unknown,unknown,unknown,unknown,no_qualifying_disclosure_in_reviewed_filings,,,,,,,,,,,,,,,,,,,,,,,,
DEAL-MICROF-FORTRE-2014,2014-12-16,acquirer,Fortress Investment Group LLC,,manifest_announcement_accession,,,unknown,unknown,unknown,unknown,acquirer_pe_buyer_unresolved,,,,,,,,,,,,,,,,,,,,,,,,
DEAL-PEERLE-MOBIUS-2014,2014-12-24,target,PEERLESS SYSTEMS CORP,897893,reviewed_manifest_cik,7372,10-K|0001437749-14-007578|2014-04-30|2014-04-30T16:04:23-04:00;10-Q|0001437749-14-022075|2014-12-15|2014-12-15T08:01:38-05:00,unknown,unknown,unknown,unknown,no_qualifying_disclosure_in_reviewed_filings,,,,,,,,,,,,,,,,,,,,,,,,
DEAL-PEERLE-MOBIUS-2014,2014-12-24,acquirer,"Mobius Acquisition, LLC",,manifest_announcement_accession,,,unknown,unknown,unknown,unknown,acquirer_no_unique_sec_registrant,,,,,,,,,,,,,,,,,,,,,,,,
DEAL-SILICO-LATTIC-2015,2015-01-27,target,SILICON IMAGE INC,1003214,reviewed_manifest_cik,3670,10-K|0001564590-14-000318|2014-02-24|2014-02-21T20:42:33-05:00;10-Q|0001003214-14-000032|2014-11-07|2014-11-06T20:52:04-05:00,unknown,unknown,unknown,unknown,no_qualifying_disclosure_in_reviewed_filings,,,,,,,,,,,,,,,,,,,,,,,,
DEAL-SILICO-LATTIC-2015,2015-01-27,acquirer,Lattice Semiconductor Corporation,855658,manifest_announcement_accession,3674,10-K|0000855658-14-000036|2014-03-11|2014-03-11T16:13:04-04:00;10-Q|0000855658-14-000184|2014-11-05|2014-11-05T14:16:33-05:00,unknown,unknown,unknown,unknown,no_qualifying_disclosure_in_reviewed_filings,,,,,,,,,,,,,,,,,,,,,,,,
DEAL-ATHLON-ENCANA-2014,2014-10-02,target,Athlon Energy Inc.,1574648,reviewed_manifest_cik,1311,10-K|0001047469-14-001993|2014-03-07|2014-03-07T17:28:53-05:00;10-Q|0001104659-14-061050|2014-08-14|2014-08-14T16:09:12-04:00,yes,unknown,yes,labeled,,0001047469-14-001993,10-K,2014-03-07,2014-03-07T17:28:53-05:00,https://www.sec.gov/Archives/edgar/data/1574648/000104746914001993/a2217589z10-k.htm,Item 1A,22993,We have significantly grown production and proved reserves on the properties we acquired through the successful execution of our low-risk vertical drilling program.,,,,,,,,,0001047469-14-001993,10-K,2014-03-07,2014-03-07T17:28:53-05:00,https://www.sec.gov/Archives/edgar/data/1574648/000104746914001993/a2217589z10-k.htm,Item 1A,129370,"We have entered into oil derivative contracts and may in the future enter into additional commodity derivative contracts for a portion of our production, which may result in future cash payments or prevent us from receiving the full benefit of increases in commodity prices."
DEAL-ATHLON-ENCANA-2014,2014-10-02,acquirer,ENCANA CORPORATION,1157806,manifest_announcement_accession,1311,40-F|0001104659-14-011733|2014-02-20|2014-02-20T12:24:01-05:00,yes,unknown,yes,labeled,,0001104659-14-011733,40-F,2014-02-20,2014-02-20T12:24:01-05:00,https://www.sec.gov/Archives/edgar/data/1157806/000110465914011733/a14-4012_240f.htm,pre-Item (cover/intro),16726,"In March of 2012, Encana completed the remainder of the sale and received additional proceeds of $114 million. · Entered into deep cut processing arrangements, which allow the Company to extract additional NGL volumes from its natural gas streams starting in 2012 at the Musreau plant in Bighorn and Gordondale plant in Peace River Arch.",,,,,,,,,0001104659-14-011733,40-F,2014-02-20,2014-02-20T12:24:01-05:00,https://www.sec.gov/Archives/edgar/data/1157806/000110465914011733/a14-4012_240f.htm,pre-Item (cover/intro),525981,"To partially mitigate exposure to commodity price risk, the Company has entered into various derivative financial instruments."
DEAL-ELECSY-LINDSA-2014,2014-11-04,target,ELECSYS CORP,914398,reviewed_manifest_cik,3679,10-K|0001171843-14-003243|2014-07-14|2014-07-14T17:06:06-04:00;10-Q|0001171843-14-004236|2014-09-08|2014-09-08T16:38:56-04:00,unknown,unknown,unknown,unknown,no_qualifying_disclosure_in_reviewed_filings,,,,,,,,,,,,,,,,,,,,,,,,
DEAL-ELECSY-LINDSA-2014,2014-11-04,acquirer,Lindsay,836157,manifest_announcement_accession,3523,10-K|0001193125-14-372388|2014-10-15|2014-10-15T13:08:01-04:00,unknown,yes,unknown,labeled,,,,,,,,,,0001193125-14-372388,10-K,2014-10-15,2014-10-15T13:08:01-04:00,https://www.sec.gov/Archives/edgar/data/836157/000119312514372388/d805120d10k.htm,Item 1A,39644,"The Company’s profitability may be negatively affected by increases in the cost of raw materials, as well as in the cost of energy.",,,,,,,,
DEAL-ENTROP-MAXLIN-2015,2015-02-03,target,ENTROPIC COMMUNICATIONS INC,1227930,reviewed_manifest_cik,3674,10-K|0001227930-14-000008|2014-02-24|2014-02-21T18:17:59-05:00;10-Q|0001227930-14-000039|2014-11-10|2014-11-10T07:04:37-05:00,unknown,unknown,unknown,unknown,no_qualifying_disclosure_in_reviewed_filings,,,,,,,,,,,,,,,,,,,,,,,,
DEAL-ENTROP-MAXLIN-2015,2015-02-03,acquirer,MaxLinear,1288469,manifest_announcement_accession,3674,10-K|0001288469-14-000003|2014-02-07|2014-02-06T18:14:43-05:00;10-Q|0001288469-14-000032|2014-10-30|2014-10-30T17:05:22-04:00,unknown,unknown,unknown,unknown,no_qualifying_disclosure_in_reviewed_filings,,,,,,,,,,,,,,,,,,,,,,,,
DEAL-E2OPEN-INSIGH-2015,2015-02-05,target,E2open Inc,1540400,reviewed_manifest_cik,7372,10-K|0001193125-14-180553|2014-05-05|2014-05-02T18:39:55-04:00;10-Q|0001193125-15-005393|2015-01-09|2015-01-08T21:18:08-05:00,unknown,unknown,unknown,unknown,no_qualifying_disclosure_in_reviewed_filings,,,,,,,,,,,,,,,,,,,,,,,,
DEAL-E2OPEN-INSIGH-2015,2015-02-05,acquirer,Insight,,manifest_announcement_accession,,,unknown,unknown,unknown,unknown,acquirer_pe_buyer_unresolved,,,,,,,,,,,,,,,,,,,,,,,,
DEAL-ORBITZ-EXPEDI-2015,2015-02-13,target,"Orbitz Worldwide, Inc.",1394159,reviewed_manifest_cik,4700,10-K|0001394159-14-000085|2014-03-06|2014-03-06T16:14:04-05:00;10-Q|0001394159-14-000224|2014-11-06|2014-11-06T12:36:02-05:00,unknown,unknown,unknown,unknown,no_qualifying_disclosure_in_reviewed_filings,,,,,,,,,,,,,,,,,,,,,,,,
DEAL-ORBITZ-EXPEDI-2015,2015-02-13,acquirer,"Expedia, Inc",1324424,manifest_announcement_accession,4700,10-K|0001193125-15-035706|2015-02-06|2015-02-05T23:01:23-05:00,unknown,unknown,unknown,unknown,no_qualifying_disclosure_in_reviewed_filings,,,,,,,,,,,,,,,,,,,,,,,,
DEAL-SAPIEN-PUBLIC-2014,2014-11-03,target,SAPIENT CORP,1008817,reviewed_manifest_cik,7373,10-K|0001193125-14-104549|2014-03-18|2014-03-18T17:22:24-04:00;10-Q|0001008817-14-000008|2014-08-06|2014-08-06T17:27:13-04:00,unknown,unknown,unknown,unknown,no_qualifying_disclosure_in_reviewed_filings,,,,,,,,,,,,,,,,,,,,,,,,
DEAL-SAPIEN-PUBLIC-2014,2014-11-03,acquirer,PUBLICIS GROUPE S.A,,manifest_announcement_accession,,,unknown,unknown,unknown,unknown,acquirer_no_unique_sec_registrant,,,,,,,,,,,,,,,,,,,,,,,,
DEAL-RIVERB-PROJEC-2014,2014-12-15,target,"Riverbed Technology, Inc.",1357326,reviewed_manifest_cik,3576,10-K|0001357326-14-000005|2014-02-14|2014-02-14T17:28:24-05:00;10-Q|0001357326-14-000027|2014-10-31|2014-10-31T16:40:43-04:00,unknown,yes,unknown,labeled,,,,,,,,,,0001357326-14-000005,10-K,2014-02-14,2014-02-14T17:28:24-05:00,https://www.sec.gov/Archives/edgar/data/1357326/000135732614000005/rvbd-12312013x10k.htm,Item 1A,60785,"In addition, any increase in worldwide commodity prices may result in higher component prices and increased shipping costs, both of which may negatively impact our financial results.",,,,,,,,
DEAL-RIVERB-PROJEC-2014,2014-12-15,acquirer,PROJECT HOMESTAKE HOLDINGS,,fallback_PREM14A,,,unknown,unknown,unknown,unknown,acquirer_pe_buyer_unresolved,,,,,,,,,,,,,,,,,,,,,,,,
DEAL-ADVENT-SSCTEC-2015,2015-02-03,target,ADVENT SOFTWARE INC /DE/,1002225,reviewed_manifest_cik,7371,10-K|0001047469-14-001313|2014-02-25|2014-02-25T16:18:40-05:00;10-Q|0001104659-14-078400|2014-11-07|2014-11-07T16:16:01-05:00,unknown,unknown,unknown,unknown,no_qualifying_disclosure_in_reviewed_filings,,,,,,,,,,,,,,,,,,,,,,,,
DEAL-ADVENT-SSCTEC-2015,2015-02-03,acquirer,SS&C Technologies,1402436,manifest_announcement_accession,7372,10-K|0001193125-14-073044|2014-02-27|2014-02-27T16:18:28-05:00;10-Q|0001193125-14-398144|2014-11-05|2014-11-05T14:41:10-05:00,unknown,unknown,unknown,unknown,no_qualifying_disclosure_in_reviewed_filings,,,,,,,,,,,,,,,,,,,,,,,,
DEAL-SALIX-VALEAN-2015,2015-02-23,target,SALIX PHARMACEUTICALS LTD,1009356,reviewed_manifest_cik,2834,10-K|0001193125-14-076204|2014-02-28|2014-02-28T13:27:37-05:00;10-Q|0001193125-14-402053|2014-11-07|2014-11-07T06:19:04-05:00,unknown,unknown,unknown,unknown,no_qualifying_disclosure_in_reviewed_filings,,,,,,,,,,,,,,,,,,,,,,,,
DEAL-SALIX-VALEAN-2015,2015-02-23,acquirer,VALEANT PHARMACEUTICALS INTERNATIONAL,885590,manifest_announcement_accession,2834,10-K|0000885590-14-000025|2014-02-28|2014-02-28T16:04:38-05:00;10-Q|0000885590-14-000073|2014-10-24|2014-10-24T16:50:25-04:00,unknown,yes,unknown,labeled,,,,,,,,,,0000885590-14-000025,10-K,2014-02-28,2014-02-28T16:04:38-05:00,https://www.sec.gov/Archives/edgar/data/885590/000088559014000025/valeant2013form10-k.htm,Item 15,55592,"Any disruption in the supply of any such active pharmaceutical ingredient or other raw material or an increase in the cost of such material could adversely impact our ability to manufacture such products, the ability of our third party manufacturers to supply us with such products, or our profitability.",,,,,,,,
DEAL-INFORM-ITALIC-2015,2015-04-07,target,INFORMATICA CORP,1080099,reviewed_manifest_cik,7372,10-K|0001080099-15-000006|2015-02-26|2015-02-26T17:12:01-05:00,unknown,unknown,unknown,unknown,no_qualifying_disclosure_in_reviewed_filings,,,,,,,,,,,,,,,,,,,,,,,,
DEAL-INFORM-ITALIC-2015,2015-04-07,acquirer,Italics Inc,,fallback_PREM14A,,,unknown,unknown,unknown,unknown,acquirer_pe_buyer_unresolved,,,,,,,,,,,,,,,,,,,,,,,,
DEAL-EXCEL-BLACKS-2015,2015-04-10,target,"Excel Trust, Inc.",1478950,reviewed_manifest_cik,6798,10-K|0001193125-15-070428|2015-03-02|2015-02-27T17:45:06-05:00,unknown,unknown,unknown,unknown,no_qualifying_disclosure_in_reviewed_filings,,,,,,,,,,,,,,,,,,,,,,,,
DEAL-EXCEL-BLACKS-2015,2015-04-10,acquirer,Blackstone,,manifest_announcement_accession,,,unknown,unknown,unknown,unknown,acquirer_pe_buyer_unresolved,,,,,,,,,,,,,,,,,,,,,,,,
DEAL-DOVER-WEBSTE-2015,2015-04-14,target,DOVER SADDLERY INC,1071625,reviewed_manifest_cik,5940,10-K|0001104659-15-024622|2015-03-31|2015-03-31T15:00:57-04:00,unknown,unknown,unknown,unknown,no_qualifying_disclosure_in_reviewed_filings,,,,,,,,,,,,,,,,,,,,,,,,
DEAL-DOVER-WEBSTE-2015,2015-04-14,acquirer,Webster Capital,,manifest_announcement_accession,,,unknown,unknown,unknown,unknown,acquirer_pe_buyer_unresolved,,,,,,,,,,,,,,,,,,,,,,,,
DEAL-PROCER-FRANCI-2015,2015-04-22,target,"PROCERA NETWORKS, INC.",1165231,reviewed_manifest_cik,7371,10-K|0001140361-15-011624|2015-03-13|2015-03-12T21:43:02-04:00,unknown,unknown,unknown,unknown,no_qualifying_disclosure_in_reviewed_filings,,,,,,,,,,,,,,,,,,,,,,,,
DEAL-PROCER-FRANCI-2015,2015-04-22,acquirer,Francisco Partners,,manifest_announcement_accession,,,unknown,unknown,unknown,unknown,acquirer_pe_buyer_unresolved,,,,,,,,,,,,,,,,,,,,,,,,
DEAL-OMNIVI-HUA-2015,2015-04-30,target,OMNIVISION TECHNOLOGIES INC,1106851,reviewed_manifest_cik,3674,10-K|0001047469-14-005950|2014-06-30|2014-06-30T15:50:41-04:00;10-Q|0001104659-15-017764|2015-03-06|2015-03-06T16:49:12-05:00,unknown,unknown,unknown,unknown,no_qualifying_disclosure_in_reviewed_filings,,,,,,,,,,,,,,,,,,,,,,,,
DEAL-OMNIVI-HUA-2015,2015-04-30,acquirer,HUA CAPITAL MANAGEMENT,,manifest_announcement_accession,,,unknown,unknown,unknown,unknown,acquirer_not_identified_in_merger_filing,,,,,,,,,,,,,,,,,,,,,,,,
DEAL-BORDER-PITNEY-2015,2015-05-06,target,"Borderfree, Inc.",1277141,reviewed_manifest_cik,7389,10-K|0001628280-15-001173|2015-02-27|2015-02-27T16:04:35-05:00,unknown,yes,unknown,labeled,,,,,,,,,,0001628280-15-001173,10-K,2015-02-27,2015-02-27T16:04:35-05:00,https://www.sec.gov/Archives/edgar/data/1277141/000162828015001173/brdr-20141231x10xk.htm,Item 1A,100534,"Shortages of transportation vessels, transportation disruptions or other adverse conditions in the transportation industry due to shortages of truck drivers, strikes, slowdowns, piracy, terrorism, disruptions in rail service, closures of shipping routes, unavailability of ports and port service for other reasons, increases in fuel prices and adverse weather conditions could increase our costs and ",,,,,,,,
DEAL-BORDER-PITNEY-2015,2015-05-06,acquirer,Pitney Bowes Inc,78814,manifest_announcement_accession,3579,10-K|0000078814-15-000006|2015-02-20|2015-02-20T15:55:30-05:00;10-Q|0000078814-15-000010|2015-05-05|2015-05-05T20:56:03-04:00,unknown,unknown,unknown,unknown,no_qualifying_disclosure_in_reviewed_filings,,,,,,,,,,,,,,,,,,,,,,,,
DEAL-QUALIT-FUNDS-2015,2015-05-07,target,QUALITY DISTRIBUTION INC,922863,reviewed_manifest_cik,4213,10-K|0001193125-15-090590|2015-03-13|2015-03-13T11:56:35-04:00,unknown,yes,unknown,labeled,,,,,,,,,,0001193125-15-090590,10-K,2015-03-13,2015-03-13T11:56:35-04:00,https://www.sec.gov/Archives/edgar/data/922863/000119312515090590/d828579d10k.htm,Item 1A,112039,"Because our operations and operations of our independent affiliates are dependent upon diesel fuel, significant increases in diesel fuel costs could materially and adversely affect our results of operations and financial condition and operations and financial condition of our independent affiliates if we are unable to pass increased costs on to customers through rate increases or fuel surcharges.",,,,,,,,
DEAL-QUALIT-FUNDS-2015,2015-05-07,acquirer,Apax Partners,,manifest_announcement_accession,,,unknown,unknown,unknown,unknown,acquirer_pe_buyer_unresolved,,,,,,,,,,,,,,,,,,,,,,,,
DEAL-ANN-ASCENA-2015,2015-05-18,target,ANN INC.,874214,reviewed_manifest_cik,5621,10-K|0000874214-15-000001|2015-03-13|2015-03-13T14:42:01-04:00,unknown,yes,unknown,labeled,,,,,,,,,,0000874214-15-000001,10-K,2015-03-13,2015-03-13T14:42:01-04:00,https://www.sec.gov/Archives/edgar/data/874214/000087421415000001/ann_10kx2014.htm,Item 1,51262,"We take steps to mitigate sourcing pressures from fluctuating raw material costs by making advance commitments on key core fabrics when required, leveraging our strong vendor relationships and using country sourcing flexibility.",,,,,,,,
DEAL-ANN-ASCENA-2015,2015-05-18,acquirer,ASCENA RETAIL GROUP,1498301,manifest_announcement_accession,5600,10-K|0001498301-14-000039|2014-09-23|2014-09-22T17:37:51-04:00;10-Q|0001498301-15-000010|2015-03-03|2015-03-03T16:30:41-05:00,unknown,yes,unknown,labeled,,,,,,,,,,0001498301-14-000039,10-K,2014-09-23,2014-09-22T17:37:51-04:00,https://www.sec.gov/Archives/edgar/data/1498301/000149830114000039/asna10-k7262014.htm,Item 1A,60627,"Our business could suffer as a result of increases in the price of raw materials, labor, energy and freight.",,,,,,,,
DEAL-FRISCH-NRD-2015,2015-05-22,target,FRISCHS RESTAURANTS INC,39047,reviewed_manifest_cik,5812,10-K|0000039047-14-000081|2014-08-07|2014-08-07T15:24:03-04:00;10-Q|0001144204-15-022146|2015-04-10|2015-04-10T09:08:05-04:00,unknown,yes,no_disclosed,labeled,,,,,,,,,,0000039047-14-000081,10-K,2014-08-07,2014-08-07T15:24:03-04:00,https://www.sec.gov/Archives/edgar/data/39047/000003904714000081/fy201410-k.htm,Item 1A,47614,"Higher costs for electricity and natural gas result in higher costs to a) heat and cool restaurant facilities, b) refrigerate and cook food and c) manufacture and store food at the Company’s food manufacturing plant.",0000039047-14-000081,10-K,2014-08-07,2014-08-07T15:24:03-04:00,https://www.sec.gov/Archives/edgar/data/39047/000003904714000081/fy201410-k.htm,Item 8,91398,"Although the Company does not use financial instruments as a hedge against changes in commodity prices, purchase contracts for some commodities may contain provisions that limit the price the Company will pay."
DEAL-FRISCH-NRD-2015,2015-05-22,acquirer,"NRD Partners I, L.P",,manifest_announcement_accession,,,unknown,unknown,unknown,unknown,acquirer_pe_buyer_unresolved,,,,,,,,,,,,,,,,,,,,,,,,
DEAL-OM-APOLLO-2015,2015-06-01,target,OM GROUP INC,899723,reviewed_manifest_cik,3990,10-K|0000899723-15-000012|2015-03-02|2015-03-02T11:50:07-05:00;10-Q|0000899723-15-000019|2015-04-30|2015-04-30T11:35:38-04:00,unknown,yes,yes,labeled,,,,,,,,,,0000899723-15-000012,10-K,2015-03-02,2015-03-02T11:50:07-05:00,https://www.sec.gov/Archives/edgar/data/899723/000089972315000012/omg1231201410k.htm,Item 1,16596,"During periods of rapidly changing prices of key raw materials, there may be price lags that can positively or negatively impact our short-term profitability and cash flow from operations.",0000899723-15-000012,10-K,2015-03-02,2015-03-02T11:50:07-05:00,https://www.sec.gov/Archives/edgar/data/899723/000089972315000012/omg1231201410k.htm,Item 7A,122451,From time to time we employ derivative instruments in connection with certain purchases and sales of nickel in order to establish a fixed margin and mitigate the risk of price volatility.
DEAL-OM-APOLLO-2015,2015-06-01,acquirer,Apollo,,manifest_announcement_accession,,,unknown,unknown,unknown,unknown,acquirer_no_unique_sec_registrant,,,,,,,,,,,,,,,,,,,,,,,,
DEAL-NAUGAT-LIBERT-2015,2015-06-04,target,Naugatuck Valley Financial Corp,1493552,reviewed_manifest_cik,6035,10-K|0001144204-15-017315|2015-03-19|2015-03-19T17:10:47-04:00;10-Q|0001144204-15-028656|2015-05-08|2015-05-08T11:02:20-04:00,unknown,unknown,unknown,unknown,no_qualifying_disclosure_in_reviewed_filings,,,,,,,,,,,,,,,,,,,,,,,,
DEAL-NAUGAT-LIBERT-2015,2015-06-04,acquirer,Liberty,,manifest_announcement_accession,,,unknown,unknown,unknown,unknown,acquirer_not_identified_in_merger_filing,,,,,,,,,,,,,,,,,,,,,,,,
DEAL-INTEGR-UPHILL-2015,2015-06-11,target,INTEGRATED SILICON SOLUTION INC,854701,reviewed_manifest_cik,3674,10-K|0000854701-14-000011|2014-12-11|2014-12-11T14:10:53-05:00;10-Q|0000854701-15-000006|2015-05-05|2015-05-05T17:07:23-04:00,unknown,unknown,unknown,unknown,no_qualifying_disclosure_in_reviewed_filings,,,,,,,,,,,,,,,,,,,,,,,,
DEAL-INTEGR-UPHILL-2015,2015-06-11,acquirer,Uphill Investment Co,,manifest_announcement_accession,,,unknown,unknown,unknown,unknown,acquirer_no_unique_sec_registrant,,,,,,,,,,,,,,,,,,,,,,,,
DEAL-COAST-LKQ-2015,2015-07-09,target,COAST DISTRIBUTION SYSTEM INC,728303,reviewed_manifest_cik,5013,10-K|0001193125-15-113703|2015-03-31|2015-03-31T13:48:36-04:00;10-Q|0001193125-15-189940|2015-05-15|2015-05-15T14:54:55-04:00,unknown,yes,unknown,labeled,,,,,,,,,,0001193125-15-113703,10-K,2015-03-31,2015-03-31T13:48:36-04:00,https://www.sec.gov/Archives/edgar/data/728303/000119312515113703/d867960d10k.htm,Item 1A,30560,"Increases in the costs of and shortages in supplies of gasoline can lead consumers to reduce their usage of, and may discourage some consumers from purchasing, RVs which, in turn, would result in decreases in their purchases of the products we sell.",,,,,,,,
DEAL-COAST-LKQ-2015,2015-07-09,acquirer,LKQ CORPORATION,,manifest_announcement_accession,,,unknown,unknown,unknown,unknown,acquirer_no_unique_sec_registrant,,,,,,,,,,,,,,,,,,,,,,,,
DEAL-REMY-BORGWA-2015,2015-07-13,target,"REMY INTERNATIONAL, INC.",1046859,reviewed_manifest_cik,3714,10-K|0001046859-15-000048|2015-03-02|2015-03-02T17:18:49-05:00;10-Q|0001046859-15-000084|2015-05-06|2015-05-06T17:28:35-04:00,unknown,yes,yes,labeled,,,,,,,,,,0001046859-15-000048,10-K,2015-03-02,2015-03-02T17:18:49-05:00,https://www.sec.gov/Archives/edgar/data/1046859/000104685915000048/a201410-k.htm,Item 8,14863,"We can shift capacity between operations to minimize costs to adapt to changes in demand, raw material costs and exchange and transportation rates.",0001046859-15-000048,10-K,2015-03-02,2015-03-02T17:18:49-05:00,https://www.sec.gov/Archives/edgar/data/1046859/000104685915000048/a201410-k.htm,Item 8,52141,"For our copper exposure not passed through to customers, we generally purchase hedges for a significant portion and also have a natural hedge in copper, aluminum and steel scrap recovered in our remanufacturing operations."
DEAL-REMY-BORGWA-2015,2015-07-13,acquirer,BorgWarner Inc,908255,manifest_announcement_accession,3714,10-K|0000908255-15-000012|2015-02-12|2015-02-12T11:38:42-05:00;10-Q|0000908255-15-000032|2015-04-30|2015-04-30T11:23:32-04:00,unknown,yes,yes,labeled,,,,,,,,,,0000908255-15-000012,10-K,2015-02-12,2015-02-12T11:38:42-05:00,https://www.sec.gov/Archives/edgar/data/908255/000090825515000012/a10k12312014.htm,Item 1A,45580,"Our ability to pass through increased raw material costs to our OEM customers is limited, with cost recovery often less than 100% and often on a delayed basis.",0000908255-15-000012,10-K,2015-02-12,2015-02-12T11:38:42-05:00,https://www.sec.gov/Archives/edgar/data/908255/000090825515000012/a10k12312014.htm,Item 9A,236026,The Company uses certain commodity derivative contracts to protect against commodity price changes related to forecasted raw material and supplies purchases.
DEAL-STJUDE-SJM-2015,2015-07-22,target,ST JUDE MEDICAL INC,203077,reviewed_manifest_cik,3845,10-K|0000203077-15-000003|2015-02-26|2015-02-26T09:59:37-05:00;10-Q|0000203077-15-000005|2015-05-07|2015-05-07T16:19:24-04:00,unknown,unknown,unknown,unknown,no_qualifying_disclosure_in_reviewed_filings,,,,,,,,,,,,,,,,,,,,,,,,
DEAL-STJUDE-SJM-2015,2015-07-22,acquirer,SJM International,,manifest_announcement_accession,,,unknown,unknown,unknown,unknown,acquirer_no_unique_sec_registrant,,,,,,,,,,,,,,,,,,,,,,,,
DEAL-TECUMS-MUELLE-2015,2015-08-05,target,TECUMSEH PRODUCTS CO,96831,reviewed_manifest_cik,3585,10-K|0000096831-15-000009|2015-03-04|2015-03-04T16:48:26-05:00;10-Q|0000096831-15-000052|2015-08-04|2015-08-04T16:18:58-04:00,unknown,yes,yes,labeled,,,,,,,,,,0000096831-15-000009,10-K,2015-03-04,2015-03-04T16:48:26-05:00,https://www.sec.gov/Archives/edgar/data/96831/000009683115000009/a10kq42014.htm,Item 8,48750,"The price of raw materials, such as steel, copper and aluminum are one of the most significant cost and cash flow impacts on our business.",0000096831-15-000009,10-K,2015-03-04,2015-03-04T16:48:26-05:00,https://www.sec.gov/Archives/edgar/data/96831/000009683115000009/a10kq42014.htm,Item 8,49121,"While we have been proactive in addressing volatility of these costs by using derivatives to hedge price risk associated with forecasted purchases of certain raw materials, our hedged price could result in our paying higher or lower prices for commodities as compared to the market prices for those commodities when purchased and will not protect us against longer term price increases."
DEAL-TECUMS-MUELLE-2015,2015-08-05,acquirer,MUELLER,,manifest_announcement_accession,,,unknown,unknown,unknown,unknown,acquirer_no_unique_sec_registrant,,,,,,,,,,,,,,,,,,,,,,,,
DEAL-STEINE-CATTER-2015,2015-08-21,target,STEINER LEISURE Ltd,1018946,reviewed_manifest_cik,7200,10-K|0001437749-15-003807|2015-03-02|2015-03-02T15:53:35-05:00;10-Q|0001437749-15-015186|2015-08-07|2015-08-07T13:32:43-04:00,unknown,yes,unknown,labeled,,,,,,,,,,0001437749-15-003807,10-K,2015-03-02,2015-03-02T15:53:35-05:00,https://www.sec.gov/Archives/edgar/data/1018946/000143774915003807/stnr20141231_10k.htm,Item 1A,144711,"Though discretionary spending of passengers on certain cruise lines has increased, the recurrence of the more severe aspects of these challenging economic conditions and/or increases in fuel costs could have a material adverse effect on the cruise industry and also could have a material adverse effect on our results of operations. 31.",,,,,,,,
DEAL-STEINE-CATTER-2015,2015-08-21,acquirer,CATTERTON,,manifest_announcement_accession,,,unknown,unknown,unknown,unknown,acquirer_pe_buyer_unresolved,,,,,,,,,,,,,,,,,,,,,,,,
DEAL-BLYTH-CARLYL-2015,2015-08-31,target,BLYTH INC,921503,reviewed_manifest_cik,3990,10-K|0000921503-15-000013|2015-03-16|2015-03-16T16:19:24-04:00;10-Q|0000921503-15-000050|2015-08-06|2015-08-06T17:18:43-04:00,unknown,yes,unknown,labeled,,,,,,,,,,0000921503-15-000013,10-K,2015-03-16,2015-03-16T16:19:24-04:00,https://www.sec.gov/Archives/edgar/data/921503/000092150315000013/bth-12312014x10k.htm,Item 7,59348,"We may experience disruptions to the transportation channels used to distribute our products, including increased airport and . shipping port congestion, lack of transportation capacity, increased fuel expenses and a shortage of manpower.",,,,,,,,
DEAL-BLYTH-CARLYL-2015,2015-08-31,acquirer,The Carlyle Group,,manifest_announcement_accession,,,unknown,unknown,unknown,unknown,acquirer_no_unique_sec_registrant,,,,,,,,,,,,,,,,,,,,,,,,
DEAL-STRATE-BLACKS-2015,2015-09-08,target,"STRATEGIC HOTELS & RESORTS, INC",1057436,reviewed_manifest_cik,6798,10-K|0001057436-15-000012|2015-02-24|2015-02-24T13:30:46-05:00;10-Q|0001057436-15-000041|2015-08-06|2015-08-06T12:39:00-04:00,unknown,unknown,unknown,unknown,no_qualifying_disclosure_in_reviewed_filings,,,,,,,,,,,,,,,,,,,,,,,,
DEAL-STRATE-BLACKS-2015,2015-09-08,acquirer,BLACKSTONE,,manifest_announcement_accession,,,unknown,unknown,unknown,unknown,acquirer_pe_buyer_unresolved,,,,,,,,,,,,,,,,,,,,,,,,
DEAL-BIOMED-BLACKS-2015,2015-10-08,target,BioMed Realty Trust Inc,1289236,reviewed_manifest_cik,6798,10-K|0001289236-15-000004|2015-02-06|2015-02-06T15:05:36-05:00;10-Q|0001289236-15-000017|2015-07-29|2015-07-29T16:01:49-04:00,unknown,unknown,unknown,unknown,no_qualifying_disclosure_in_reviewed_filings,,,,,,,,,,,,,,,,,,,,,,,,
DEAL-BIOMED-BLACKS-2015,2015-10-08,acquirer,BLACKSTONE,,manifest_announcement_accession,,,unknown,unknown,unknown,unknown,acquirer_pe_buyer_unresolved,,,,,,,,,,,,,,,,,,,,,,,,
