deal_id,announce_date,party,party_name,cik,identity_basis,filings_reviewed,producer,consumer,shipping_dependent,hedged,exposure_status,unknown_reason,producer_accession,producer_form,producer_filing_date,producer_item,producer_offset,producer_quote,consumer_accession,consumer_form,consumer_filing_date,consumer_item,consumer_offset,consumer_quote,shipping_dependent_accession,shipping_dependent_form,shipping_dependent_filing_date,shipping_dependent_item,shipping_dependent_offset,shipping_dependent_quote,hedged_accession,hedged_form,hedged_filing_date,hedged_item,hedged_offset,hedged_quote
DEAL-CRNX-VRTX-2026,2026-07-06,target,"Crinetics Pharmaceuticals, Inc.",1658247,reviewed_manifest_cik,10-K|0001658247-26-000012|2026-02-26;10-Q|0001658247-26-000040|2026-05-07,unknown,yes,yes,unknown,labeled,,,,,,,,0001658247-26-000012,10-K,2026-02-26,Item 1A,202206,"Any unfavorable government policies on international trade, such as export controls, capital controls or tariffs, may increase the cost of manufacturing our product candidates and platform materials, affect our ability to commercialize our product candidates if approved, the competitive position of our product candidates, and import or export of raw materials and finished product candidate used in",0001658247-26-000012,10-K,2026-02-26,Item 16,494675,"Cost of product revenue consists of the purchase costs for finished products from third-party manufacturers, freight and handling from the Company’s 3PL logistics service provider, and certain salary-related and stock-based compensation expenses for employees involved in manufacturing, quality control, and supply chain activities.",,,,,,
DEAL-CRNX-VRTX-2026,2026-07-06,acquirer,Vertex Pharmaceuticals Incorporated,,"unresolved(candidates=0,with_eligible_annual=0)",,unknown,unknown,unknown,unknown,unknown,acquirer_identity_unresolved,,,,,,,,,,,,,,,,,,,,,,,,
DEAL-ESI-SOLS-2026,2026-07-06,target,Element Solutions Inc,1590714,reviewed_manifest_cik,10-K|0001590714-26-000018|2026-02-18;10-Q|0001590714-26-000041|2026-04-29,yes,yes,yes,yes,labeled,,0001590714-26-000018,10-K,2026-02-18,Item 8,57416,"As a global supplier of specialized fluids to the offshore energy industry, we produce water-based hydraulic control fluids for major oil and gas companies and drilling contractors to be used in offshore deep-water production and drilling applications.",0001590714-26-000018,10-K,2026-02-18,Item 15,39343,"Many of the forward-looking statements include, but are not limited to, statements, beliefs, projections and expectations regarding the expected benefits of the Kuprion Acquisition, the MGS Transaction, the EFC Acquisition and the Micromax Acquisition; the tax treatment and tax implications of the MGS Transaction; deferred payments related to the Kuprion Acquisition; the war in Ukraine and other h",0001590714-26-000018,10-K,2026-02-18,Item 7A,207717,"To a lesser extent, we are also exposed to fluctuations in the prices of certain utilities and services, such as electricity, natural gas and freight.",0001590714-26-000018,10-K,2026-02-18,Item 15,39343,"Many of the forward-looking statements include, but are not limited to, statements, beliefs, projections and expectations regarding the expected benefits of the Kuprion Acquisition, the MGS Transaction, the EFC Acquisition and the Micromax Acquisition; the tax treatment and tax implications of the MGS Transaction; deferred payments related to the Kuprion Acquisition; the war in Ukraine and other h"
DEAL-ESI-SOLS-2026,2026-07-06,acquirer,Solstice Advanced Materials Inc.,2064953,exact_normalized_name_match,10-K|0002064953-26-000008|2026-02-19;10-Q|0002064953-26-000047|2026-05-06,yes,yes,unknown,yes,labeled,,0002064953-26-000008,10-K,2026-02-19,Item 1,68703,We expect the relevant end market for our uranium hexafluoride conversion services to grow at rates consistent with GDP over the long term.,0002064953-26-000008,10-K,2026-02-19,Item 1,86907,"We source raw materials from global and regional suppliers and where possible maintain multiple supplier relationships to protect against supply disruptions and potential price increases, including as a result of the impact of the imposition of tariffs or other trade actions impacting raw materials we source from global trade counterparties.",,,,,,,0002064953-26-000008,10-K,2026-02-19,Item 7,118113,"While we have implemented mitigation strategies designed to reduce the impact of supply chain disruptions, any inability to source necessary materials when and as needed, or to offset material price or labor inflation through increased prices to customers, market-based or long-term fixed price contracts with suppliers, productivity actions or commodity hedges could adversely affect our results of "
DEAL-EA-PIFSLAFF-2025,2025-09-28,target,Electronic Arts Inc.,712515,reviewed_manifest_cik,10-K|0000712515-25-000022|2025-05-13;10-Q|0000712515-25-000030|2025-08-01,unknown,unknown,unknown,unknown,unknown,no_qualifying_disclosure_in_reviewed_filings,,,,,,,,,,,,,,,,,,,,,,,,
DEAL-EA-PIFSLAFF-2025,2025-09-28,acquirer,"Oak-Eagle AcquireCo, Inc.",,"unresolved(candidates=0,with_eligible_annual=0)",,unknown,unknown,unknown,unknown,unknown,acquirer_identity_unresolved,,,,,,,,,,,,,,,,,,,,,,,,
DEAL-SSTK-GETY-2025,2025-01-06,target,"Shutterstock, Inc.",1549346,reviewed_manifest_cik,10-K|0001549346-24-000007|2024-02-26;10-Q|0001549346-24-000045|2024-10-29,unknown,unknown,unknown,unknown,unknown,no_qualifying_disclosure_in_reviewed_filings,,,,,,,,,,,,,,,,,,,,,,,,
DEAL-SSTK-GETY-2025,2025-01-06,acquirer,"Getty Images Holdings, Inc.",1898496,exact_normalized_name_match,10-K|0001628280-24-011316|2024-03-15;10-Q|0001628280-24-046324|2024-11-07,unknown,unknown,unknown,unknown,unknown,no_qualifying_disclosure_in_reviewed_filings,,,,,,,,,,,,,,,,,,,,,,,,
DEAL-JNPR-HPE-2024,2024-01-09,target,"Juniper Networks, Inc.",1043604,reviewed_manifest_cik,10-K|0001043604-23-000016|2023-02-10;10-Q|0001043604-23-000156|2023-10-27,unknown,yes,yes,unknown,labeled,,,,,,,,0001043604-23-000016,10-K,2023-02-10,Item 1,104636,"To address supply-chain challenges, including increases in component and logistics costs related to the COVID-19 pandemic and global component shortages, we are taking specific additional procurement actions, including strategic purchases of raw materials and components for the production of finished goods.",0001043604-23-000016,10-K,2023-02-10,Item 1A,150301,"Additionally, cost increases and extended shipping times for ocean transit have increased our dependence on higher-cost air freight.",,,,,,
DEAL-JNPR-HPE-2024,2024-01-09,acquirer,Hewlett Packard Enterprise Company,1645590,exact_normalized_name_match,10-K|0001645590-23-000117|2023-12-22,unknown,yes,yes,unknown,labeled,,,,,,,,0001645590-23-000117,10-K,2023-12-22,Item 8,200041,"Furthermore, our data centers depend on predictable and reliable energy and networking capabilities, the cost or availability of which could be adversely affected or disrupted by a variety of factors, including but not limited to the effects of climate change.",0001645590-23-000117,10-K,2023-12-22,Item 8,189942,"Accordingly, our business and financial performance could suffer from a loss of time-sensitive sales, additional freight costs incurred, or the inability to pass on price increases to our customers.",,,,,,
DEAL-HCP-IBM-2024,2024-04-24,target,"HashiCorp, Inc.",1720671,reviewed_manifest_cik,10-K|0001628280-24-012350|2024-03-21,unknown,unknown,unknown,unknown,unknown,no_qualifying_disclosure_in_reviewed_filings,,,,,,,,,,,,,,,,,,,,,,,,
DEAL-HCP-IBM-2024,2024-04-24,acquirer,International Business Machines Corporation,51143,exact_normalized_name_match,10-K|0000051143-24-000012|2024-02-26,unknown,unknown,unknown,unknown,unknown,no_qualifying_disclosure_in_reviewed_filings,,,,,,,,,,,,,,,,,,,,,,,,
DEAL-CPRI-TPR-2023,2023-08-10,target,Capri Holdings Limited,1530721,reviewed_manifest_cik,10-K|0001530721-23-000087|2023-05-31,unknown,yes,yes,unknown,labeled,,,,,,,,0001530721-23-000087,10-K,2023-05-31,Item 7,61434,"If one or more of our distribution facilities experiences operational difficulties or becomes inoperable, it could have a material adverse effect on our business, results of operations and financial condition; . • we are dependent on third-parties to perform certain outsourced functions; . • increases in the cost of raw materials could increase our production costs and cause our operating results ",0001530721-23-000087,10-K,2023-05-31,Item 1A,146254,"As a company engaged in sourcing on a global scale, we are subject to the risks inherent in such activities, including, but not limited to: . • disease pandemics, epidemics and health-related concerns, including related to COVID-19 or variants thereof; . • political or labor instability, labor shortages (stemming from labor disputes or otherwise), or increases in costs of labor or production in co",,,,,,
DEAL-CPRI-TPR-2023,2023-08-10,acquirer,"Tapestry, Inc.",1116132,exact_normalized_name_match,10-K|0001116132-22-000018|2022-08-18;10-Q|0001116132-23-000013|2023-05-11,unknown,yes,yes,unknown,labeled,,,,,,,,0001116132-22-000018,10-K,2022-08-18,Item 1A,112226,"Our results can be impacted by a number of macroeconomic factors, including but not limited to: consumer confidence and spending levels, tax rates, levels of unemployment, consumer credit availability, raw materials costs, pandemics (such as the ongoing Covid-19 pandemic) and natural disasters, fuel and energy costs (including oil prices), global factory production, supply chain operations, commer",0001116132-22-000018,10-K,2022-08-18,Item 16,48606,"Tapestry, Inc.’s actual results could differ materially from the results contemplated by these forward-looking statements and are subject to a number of risks, uncertainties, estimates and assumptions that may cause actual results to differ materially from current expectations due to a number of factors, including those discussed in the sections of this Form 10-K filing entitled “Risk Factors” and",,,,,,
DEAL-WLTW-AON-2020,2020-03-09,target,Willis Towers Watson Public Limited Company,1140536,reviewed_manifest_cik,10-K|0001564590-20-006736|2020-02-26,unknown,unknown,unknown,unknown,unknown,no_qualifying_disclosure_in_reviewed_filings,,,,,,,,,,,,,,,,,,,,,,,,
DEAL-WLTW-AON-2020,2020-03-09,acquirer,Aon plc,315293,exact_normalized_name_match,10-K|0001628280-20-001607|2020-02-14,unknown,yes,unknown,unknown,labeled,,,,,,,,0001628280-20-001607,10-K,2020-02-14,Item 1,124662,"A decline in the credit ratings of our senior debt and commercial paper may adversely affect our borrowing costs, access to capital, and financial flexibility.",,,,,,,,,,,,
DEAL-RHT-IBM-2018,2018-10-28,target,"Red Hat, Inc.",1087423,reviewed_manifest_cik,10-K|0001087423-18-000010|2018-04-26;10-Q|0001087423-18-000020|2018-10-09,unknown,unknown,unknown,unknown,unknown,no_qualifying_disclosure_in_reviewed_filings,,,,,,,,,,,,,,,,,,,,,,,,
DEAL-RHT-IBM-2018,2018-10-28,acquirer,International Business Machines Corporation,51143,exact_normalized_name_match,10-K|0001047469-18-001117|2018-02-27;10-Q|0001104659-18-048404|2018-07-31,unknown,yes,unknown,unknown,labeled,,,,,,,,0001104659-18-048404,10-Q,2018-07-31,Item 1,84817,"In the normal course of business, the company is exposed to the impact of interest rate changes and foreign currency fluctuations, and to a lesser extent equity and commodity price changes and client credit risk.",,,,,,,,,,,,
DEAL-LNKD-MSFT-2016,2016-06-11,target,LinkedIn Corporation,1271024,reviewed_manifest_cik,10-K|0001271024-16-000035|2016-02-12;10-Q|0001271024-16-000043|2016-04-29,unknown,yes,unknown,unknown,labeled,,,,,,,,0001271024-16-000035,10-K,2016-02-12,Item 1A,137711,"Currently, this access is provided by companies that have significant market power in the broadband and Internet access marketplace, including incumbent telephone companies, cable companies, mobile communications companies, and government-owned service providers, any of whom could take actions that degrade, disrupt, or increase the cost of user access to our products or solutions, which would, in ",,,,,,,,,,,,
DEAL-LNKD-MSFT-2016,2016-06-11,acquirer,Microsoft Corporation,789019,exact_normalized_name_match,10-K|0001193125-15-272806|2015-07-31;10-Q|0001193125-16-550254|2016-04-21,unknown,yes,unknown,yes,labeled,,,,,,,,0001193125-15-272806,10-K,2015-07-31,Item 1A,104208,"Environmental regulations or changes in the supply, demand or available sources of energy or other natural resources may affect the availability or cost of goods and services, including natural resources, necessary to run our business.",,,,,,,0001193125-15-272806,10-K,2015-07-31,Item 8,237260,"We use swaps, futures, and option contracts, not designated as hedging instruments, to generate and manage exposures to broad-based commodity indices."
DEAL-ODP-SPLS-2015,2015-02-04,target,"Office Depot, Inc.",800240,reviewed_manifest_cik,10-K|0001193125-14-065991|2014-02-25;10-Q|0001193125-14-395039|2014-11-04,unknown,yes,yes,yes,labeled,,,,,,,,0001193125-14-065991,10-K,2014-02-25,Item 1A,42100,"However, the Merger may present certain risks to our business and operations including, among other things, risks that: . • the businesses of Office Depot and OfficeMax may not be integrated successfully or such integration may take longer, be more difficult, time-consuming or costly to accomplish than expected; . • we may experience business disruption following the Merger, including adverse effe",0001193125-14-065991,10-K,2014-02-25,Item 1A,49756,"As such, we purchase significant amounts of fuel needed to transport products to our stores and customers as well as shipping costs to import products from overseas.",0001193125-14-065991,10-K,2014-02-25,Item 1A,49922,"While we may hedge our anticipated fuel purchases, the underlying commodity costs associated with this transport activity have been volatile in recent years and disruptions in availability of fuel could cause our operating costs to rise significantly to the extent not covered by our hedges."
DEAL-ODP-SPLS-2015,2015-02-04,acquirer,"Staples, Inc.",791519,exact_normalized_name_match,10-K|0000791519-14-000007|2014-03-06;10-Q|0000791519-14-000095|2014-11-19,unknown,yes,unknown,unknown,labeled,,,,,,,,0000791519-14-000095,10-Q,2014-11-19,Item 2,105705,"If we were to experience a credit rating downgrade in future periods, we may incur higher interest costs on future financings and it may limit our ability to participate in the commercial paper market.",,,,,,,,,,,,
DEAL-HUM-AET-2015,2015-07-02,target,Humana Inc.,49071,reviewed_manifest_cik,10-K|0000049071-15-000019|2015-02-18;10-Q|0000049071-15-000061|2015-04-29,unknown,unknown,unknown,unknown,unknown,no_qualifying_disclosure_in_reviewed_filings,,,,,,,,,,,,,,,,,,,,,,,,
DEAL-HUM-AET-2015,2015-07-02,acquirer,Aetna Inc.,,"unresolved(candidates=1,with_eligible_annual=0)",,unknown,unknown,unknown,unknown,unknown,acquirer_identity_unresolved,,,,,,,,,,,,,,,,,,,,,,,,
DEAL-WFM-AMZN-2017,2017-06-15,target,"Whole Foods Market, Inc.",865436,reviewed_manifest_cik,10-K|0000865436-16-000366|2016-11-18;10-Q|0000865436-17-000100|2017-05-19,unknown,yes,unknown,yes,labeled,,,,,,,,0000865436-16-000366,10-K,2016-11-18,Item 7,91450,"Our gross profit may increase or decrease slightly depending on the mix of sales from new stores, our value strategy, or the impact of commodity costs or a host of other factors, including possible supply shortages and extreme weather-related disruptions.",,,,,,,0000865436-16-000366,10-K,2016-11-18,Item 8,168184,The Company utilizes forward purchases to limit its exposures to changes in commodity prices.
DEAL-WFM-AMZN-2017,2017-06-15,acquirer,"Amazon.com, Inc.",1018724,exact_normalized_name_match,10-K|0001018724-17-000011|2017-02-10;10-Q|0001018724-17-000051|2017-04-28,unknown,yes,yes,unknown,labeled,,,,,,,,0001018724-17-000011,10-K,2017-02-10,Item 1A,22727,"Table of Contents . • . the success of our geographic, service, and product line expansions; . • . the extent to which we finance, and the terms of any such financing for, our current operations and future growth; . • . the outcomes of legal proceedings and claims, which may include significant monetary damages or injunctive relief and could have a material adverse impact on our operating results;",0001018724-17-000011,10-K,2017-02-10,Item 8,7944,"We strive to offer our customers the lowest prices possible through low everyday product pricing and shipping offers, and to improve our operating efficiencies so that we can continue to lower prices for our customers.",,,,,,
DEAL-MON-BAYER-2016,2016-09-14,target,Monsanto Company,1110783,reviewed_manifest_cik,10-K|0001110783-15-000230|2015-10-29;10-Q|0001110783-16-000444|2016-06-30,yes,yes,unknown,yes,labeled,,0001110783-15-000230,10-K,2015-10-29,Item 7,20621,"For example, we have obtained licenses to certain technologies that we use to produce Roundup Ready seeds and Genuity SmartStax corn.",0001110783-15-000230,10-K,2015-10-29,Item 7,21652,"Where practical, we seek to manage commodity price fluctuations through the use of futures contracts and other hedging instruments.",,,,,,,0001110783-15-000230,10-K,2015-10-29,Item 7,21652,"Where practical, we seek to manage commodity price fluctuations through the use of futures contracts and other hedging instruments."
DEAL-MON-BAYER-2016,2016-09-14,acquirer,Bayer Aktiengesellschaft,,"unresolved(candidates=2,with_eligible_annual=0)",,unknown,unknown,unknown,unknown,unknown,acquirer_identity_unresolved,,,,,,,,,,,,,,,,,,,,,,,,
DEAL-CI-ANTM-2015,2015-07-23,target,Cigna Corporation,701221,reviewed_manifest_cik,10-K|0001047469-15-001276|2015-02-26;10-Q|0001104659-15-032254|2015-04-30,unknown,unknown,unknown,unknown,unknown,no_qualifying_disclosure_in_reviewed_filings,,,,,,,,,,,,,,,,,,,,,,,,
DEAL-CI-ANTM-2015,2015-07-23,acquirer,"Anthem, Inc.",1156039,exact_normalized_name_match,10-K|0001156039-15-000003|2015-02-24;10-Q|0001156039-15-000006|2015-04-29,yes,unknown,unknown,unknown,labeled,,0001156039-15-000003,10-K,2015-02-24,Item 8,38978,"In our Individual markets we offer bronze, silver and gold products, both on and off the public exchanges, in the states of California, Colorado, Connecticut, Georgia, Indiana, Kentucky, Maine, Missouri, Nevada, New Hampshire, New York, Ohio, Virginia and Wisconsin.",,,,,,,,,,,,,,,,,,
DEAL-BHI-HAL-2014,2014-11-16,target,Baker Hughes Incorporated,808362,reviewed_manifest_cik,10-K|0000808362-14-000007|2014-02-12;10-Q|0000808362-14-000051|2014-10-21,yes,yes,unknown,yes,labeled,,0000808362-14-000007,10-K,2014-02-12,Item 1A,39526,"Expenditures by our customers for exploration, development and production of oil and natural gas are based on their expectations of future hydrocarbon demand, the risks associated with developing the reserves, their ability to finance exploration for and development of reserves, and the future value of the reserves.",0000808362-14-000007,10-K,2014-02-12,Item 8,16735,"Our products and services are sold in highly competitive markets and revenue and earnings are affected by changes in commodity prices, fluctuations in the level of drilling, workover and completion activity in major markets, general economic conditions, foreign currency exchange fluctuations and governmental regulations.",,,,,,,0000808362-14-000007,10-K,2014-02-12,Item 15,216560,"We monitor our exposure to various business risks including commodity prices, foreign currency exchange rates and interest rates and regularly use derivative financial instruments to manage these risks."
DEAL-BHI-HAL-2014,2014-11-16,acquirer,Halliburton Company,45012,exact_normalized_name_match,10-K|0000045012-14-000069|2014-02-07;10-Q|0000045012-14-000341|2014-10-24,yes,yes,unknown,unknown,labeled,,0000045012-14-000069,10-K,2014-02-07,Item 1,40612,"These and other risks described above could result in the loss of our personnel or assets, cause us to evacuate our personnel from certain countries, cause us to increase spending on security worldwide, disrupt financial and commercial markets, including the supply of and pricing for oil and natural gas, and generate greater political and economic instability in some of the geographic areas in whi",0000045012-14-000069,10-K,2014-02-07,Item 1,53917,"Trends in oil and natural gas prices affect the level of exploration, development, and production activity of our customers and the demand for our services and products, which could have a material adverse effect on our business, consolidated results of operations, and consolidated financial condition.",,,,,,,,,,,,
DEAL-ATVI-MSFT-2022,2022-01-18,target,"Activision Blizzard, Inc.",718877,reviewed_manifest_cik,10-K|0001628280-21-002828|2021-02-23;10-Q|0001628280-21-021200|2021-11-02,unknown,unknown,yes,unknown,labeled,,,,,,,,,,,,,,0001628280-21-002828,10-K,2021-02-23,Item 1A,137365,"As such, we are, and may be increasingly, subject to risks inherent in foreign trade generally, as well as risks inherent in doing business in non-U.S. markets, including increased tariffs and duties, compliance with economic sanctions, fluctuations in currency exchange rates, shipping delays, increases in transportation costs, international political, regulatory and economic developments, unexpec",,,,,,
DEAL-ATVI-MSFT-2022,2022-01-18,acquirer,Microsoft Corporation,789019,exact_normalized_name_match,10-K|0001564590-21-039151|2021-07-29;10-Q|0001564590-21-051992|2021-10-26,unknown,yes,unknown,unknown,labeled,,,,,,,,0001564590-21-039151,10-K,2021-07-29,Item 1A,184955,"Environmental regulations or changes in the supply, demand or available sources of energy or other resources may affect the availability or cost of goods and services, including natural resources, necessary to run our business.",,,,,,,,,,,,
DEAL-TWTR-XHOLDINGS-2022,2022-04-25,target,"Twitter, Inc.",1418091,reviewed_manifest_cik,10-K|0001418091-22-000029|2022-02-16,unknown,unknown,unknown,unknown,unknown,no_qualifying_disclosure_in_reviewed_filings,,,,,,,,,,,,,,,,,,,,,,,,
DEAL-TWTR-XHOLDINGS-2022,2022-04-25,acquirer,"X Holdings I, Inc.",,"unresolved(candidates=0,with_eligible_annual=0)",,unknown,unknown,unknown,unknown,unknown,acquirer_identity_unresolved,,,,,,,,,,,,,,,,,,,,,,,,
DEAL-TWC-CMCSA-2014,2014-02-12,target,Time Warner Cable Inc.,1377013,reviewed_manifest_cik,10-K|0001193125-13-062081|2013-02-15;10-Q|0001193125-13-419621|2013-10-31,unknown,unknown,unknown,unknown,unknown,no_qualifying_disclosure_in_reviewed_filings,,,,,,,,,,,,,,,,,,,,,,,,
DEAL-TWC-CMCSA-2014,2014-02-12,acquirer,Comcast Corporation,1166691,exact_normalized_name_match,10-K|0001193125-13-067658|2013-02-21;10-Q|0001193125-13-417832|2013-10-30,unknown,yes,unknown,unknown,labeled,,,,,,,,0001193125-13-067658,10-K,2013-02-21,Item 3,111996,"For example, climate change regulation, such as proposed greenhouse gas emissions limits or cap and trade programs, could result in an increase in the cost of electricity, which is a significant component of our operational costs at some locations.",,,,,,,,,,,,
DEAL-PACB-ILMN-2018,2018-11-01,target,"Pacific Biosciences of California, Inc.",1299130,reviewed_manifest_cik,10-K|0001299130-18-000018|2018-02-26;10-Q|0001299130-18-000057|2018-08-03,unknown,unknown,yes,unknown,labeled,,,,,,,,,,,,,,0001299130-18-000018,10-K,2018-02-26,Item 1A,96866,We rely on third-party carriers for the timely delivery of our products.,,,,,,
DEAL-PACB-ILMN-2018,2018-11-01,acquirer,"Illumina, Inc.",1110803,exact_normalized_name_match,10-K|0001110803-18-000009|2018-02-13;10-Q|0001110803-18-000031|2018-10-24,unknown,yes,yes,unknown,labeled,,,,,,,,0001110803-18-000009,10-K,2018-02-13,Item 8,113442,"Our gross margin in future periods will depend on several factors, including: market conditions that may impact our pricing power; sales mix changes among consumables, instruments, and services; product mix changes between established products and new products; excess and obsolete inventories; royalties; our cost structure for manufacturing operations relative to volume; and product support obliga",0001110803-18-000009,10-K,2018-02-13,Item 1A,55180,"Any delay or interruption to our manufacturing process or in shipping our products could result in lost revenue, which would adversely affect our business, financial condition, or results of operations.",,,,,,
DEAL-CERN-ORCL-2021,2021-12-20,target,Cerner Corporation,804753,reviewed_manifest_cik,10-K|0000804753-21-000009|2021-02-19;10-Q|0000804753-21-000052|2021-10-29,unknown,unknown,unknown,unknown,unknown,no_qualifying_disclosure_in_reviewed_filings,,,,,,,,,,,,,,,,,,,,,,,,
DEAL-CERN-ORCL-2021,2021-12-20,acquirer,Oracle Corporation,1341439,exact_normalized_name_match,10-K|0001564590-21-033616|2021-06-21;10-Q|0001564590-21-060022|2021-12-10,unknown,unknown,unknown,unknown,unknown,no_qualifying_disclosure_in_reviewed_filings,,,,,,,,,,,,,,,,,,,,,,,,
DEAL-NUAN-MSFT-2021,2021-04-11,target,"Nuance Communications, Inc.",1002517,reviewed_manifest_cik,10-K|0001002517-20-000058|2020-11-19;10-Q|0001002517-21-000018|2021-02-09,unknown,yes,yes,unknown,labeled,,,,,,,,0001002517-20-000058,10-K,2020-11-19,Item 7,158376,"R&D expense for the year ended September 30, 2020 increase d by $33.6 million , or 17.4% , primarily due to higher compensation costs as we continued to invest in our core technologies to power new products and solutions.",0001002517-20-000058,10-K,2020-11-19,Item 8,211842,We record shipping and handling costs billed to customers as revenue with offsetting costs recorded as cost of revenue.,,,,,,
DEAL-NUAN-MSFT-2021,2021-04-11,acquirer,Microsoft Corporation,789019,exact_normalized_name_match,10-K|0001564590-20-034944|2020-07-30;10-Q|0001564590-21-002316|2021-01-26,unknown,yes,unknown,unknown,labeled,,,,,,,,0001564590-20-034944,10-K,2020-07-30,Item 1A,167632,"Environmental regulations or changes in the supply, demand or available sources of energy or other resources may affect the availability or cost of goods and services, including natural resources, necessary to run our business.",,,,,,,,,,,,
DEAL-FIVN-ZM-2021,2021-07-16,target,"Five9, Inc.",1288847,reviewed_manifest_cik,10-K|0001288847-21-000029|2021-03-01;10-Q|0001288847-21-000069|2021-04-29,unknown,unknown,unknown,yes,unknown,no_qualifying_disclosure_in_reviewed_filings,,,,,,,,,,,,,,,,,,,0001288847-21-000029,10-K,2021-03-01,Item 7A,315220,"We have not utilized derivative financial instruments, derivative commodity instruments or other market risk sensitive instruments, positions or transactions in any material fashion, except for the privately negotiated capped call transactions entered into in May and June 2020 and May 2018 related to the issuance of our 2025 convertible senior notes and our 2023 convertible senior notes, respectiv"
DEAL-FIVN-ZM-2021,2021-07-16,acquirer,"Zoom Video Communications, Inc.",1585521,exact_normalized_name_match,10-K|0001585521-21-000048|2021-03-18;10-Q|0001585521-21-000131|2021-06-02,unknown,unknown,yes,unknown,labeled,,,,,,,,,,,,,,0001585521-21-000048,10-K,2021-03-18,Item 3,207232,"The imposition of common carrier regulation would increase our costs, and we could be required to modify our service offerings to comply with regulatory requirements.",,,,,,
DEAL-MNTV-ZEN-2021,2021-10-28,target,Momentive Global Inc.,1739936,reviewed_manifest_cik,10-K|0001564590-21-006682|2021-02-18;10-Q|0001564590-21-041563|2021-08-05,unknown,yes,unknown,unknown,labeled,,,,,,,,0001564590-21-006682,10-K,2021-02-18,Item 1A,162070,"Currently, this access is provided by companies that have significant market power in the broadband and internet access marketplace, including incumbent telephone companies, cable companies, mobile communications companies and government-owned service providers, any of whom could take actions that degrade, disrupt or increase the cost of user access to our products, which would, in turn, negativel",,,,,,,,,,,,
DEAL-MNTV-ZEN-2021,2021-10-28,acquirer,"Zendesk, Inc.",1463172,exact_normalized_name_match,10-K|0001463172-21-000054|2021-02-12;10-Q|0001463172-21-000323|2021-07-30,unknown,unknown,unknown,unknown,unknown,no_qualifying_disclosure_in_reviewed_filings,,,,,,,,,,,,,,,,,,,,,,,,
DEAL-ALTR-INTC-2015,2015-05-31,target,Altera Corporation,768251,reviewed_manifest_cik,10-K|0000768251-15-000008|2015-02-13;10-Q|0000768251-15-000021|2015-04-24,unknown,unknown,unknown,unknown,unknown,no_qualifying_disclosure_in_reviewed_filings,,,,,,,,,,,,,,,,,,,,,,,,
DEAL-ALTR-INTC-2015,2015-05-31,acquirer,Intel Corporation,50863,exact_normalized_name_match,10-K|0000050863-15-000015|2015-02-13;10-Q|0000050863-15-000028|2015-04-27,unknown,yes,yes,yes,labeled,,,,,,,,0000050863-15-000015,10-K,2015-02-13,Item 1,9335,"We continue executing to Moore’s Law by enabling new devices with higher functionality and complexity while controlling power, cost, and size.",0000050863-15-000015,10-K,2015-02-13,Item 15,235917,"We include shipping charges billed to customers in net revenue, and include the related shipping costs in cost of sales. 65 .",0000050863-15-000015,10-K,2015-02-13,Item 15,221286,"Our primary objective for holding derivative financial instruments is to manage currency exchange rate risk and interest rate risk, and, to a lesser extent, equity market risk, commodity price risk, and credit risk."
DEAL-APC-OXY-2019,2019-05-09,target,Anadarko Petroleum Corporation,773910,reviewed_manifest_cik,10-K|0000773910-19-000009|2019-02-14;10-Q|0000773910-19-000034|2019-05-08,yes,yes,yes,yes,labeled,,0000773910-19-000009,10-K,2019-02-14,pre-Item (cover/intro),4270,Proved Reserves . 18 .,0000773910-19-000009,10-K,2019-02-14,Item 16,12424,"Important factors that could cause actual results to differ materially from the Company’s expectations include, but are not limited to, the following risks and uncertainties: . – . the Company’s assumptions about energy markets . – . production and sales volume levels . – . levels of oil, natural-gas, and NGL reserves . – . operating results . – . competitive conditions . – . technology . – . avai",0000773910-19-000009,10-K,2019-02-14,Item 16,14251,"Index to Financial Statements . – . civil or political unrest or acts of terrorism in a region or country . – . the creditworthiness and performance of the Company’s counterparties, including financial institutions, operating partners, and other parties . – . volatility in the securities, capital, or credit markets and related risks such as general credit, liquidity, and interest-rate risk . – . t",0000773910-19-000009,10-K,2019-02-14,Item 16,12424,"Important factors that could cause actual results to differ materially from the Company’s expectations include, but are not limited to, the following risks and uncertainties: . – . the Company’s assumptions about energy markets . – . production and sales volume levels . – . levels of oil, natural-gas, and NGL reserves . – . operating results . – . competitive conditions . – . technology . – . avai"
DEAL-APC-OXY-2019,2019-05-09,acquirer,Occidental Petroleum Corporation,,"unresolved(candidates=2,with_eligible_annual=0)",,unknown,unknown,unknown,unknown,unknown,acquirer_identity_unresolved,,,,,,,,,,,,,,,,,,,,,,,,
DEAL-ARNA-PFE-2021,2021-12-12,target,"Arena Pharmaceuticals, Inc.",1080709,reviewed_manifest_cik,10-K|0001564590-21-007609|2021-02-23;10-Q|0001080709-21-000038|2021-11-04,unknown,unknown,yes,unknown,labeled,,,,,,,,,,,,,,0001080709-21-000038,10-Q,2021-11-04,Item 1A,196733,"If the COVID-19 pandemic continues in the United States and around the world, we may experience, or continue to experience, disruptions that could severely impact our preclinical studies and clinical trials, including: . • delays in receiving approval from local regulatory authorities to initiate our planned clinical trials; . • delays or difficulties in enrolling or retaining participants in our ",,,,,,
DEAL-ARNA-PFE-2021,2021-12-12,acquirer,Pfizer Inc.,78003,exact_normalized_name_match,10-K|0000078003-21-000038|2021-02-25;10-Q|0000078003-21-000107|2021-11-12,unknown,yes,unknown,unknown,labeled,,,,,,,,0000078003-21-000038,10-K,2021-02-25,Item 8,135575,"In particular, forward-looking information in this Form 10-K includes statements relating to specific future actions and effects, including, among others, our efforts to respond to COVID-19, including our development of a vaccine to help prevent COVID-19, the forecasted revenue contribution of BNT162b2 and the potential number of doses that we and BioNTech believe can be delivered; our expectation",,,,,,,,,,,,
DEAL-AVLR-VISTA-2022,2022-08-08,target,"Avalara, Inc.",1348036,reviewed_manifest_cik,10-K|0001564590-22-006696|2022-02-24;10-Q|0001564590-22-018342|2022-05-06,unknown,unknown,unknown,unknown,unknown,no_qualifying_disclosure_in_reviewed_filings,,,,,,,,,,,,,,,,,,,,,,,,
DEAL-AVLR-VISTA-2022,2022-08-08,acquirer,"Lava Intermediate, Inc.",,"unresolved(candidates=0,with_eligible_annual=0)",,unknown,unknown,unknown,unknown,unknown,acquirer_identity_unresolved,,,,,,,,,,,,,,,,,,,,,,,,
DEAL-CHNG-UNH-2021,2021-01-06,target,Change Healthcare Inc.,1756497,reviewed_manifest_cik,10-K|0001193125-20-160834|2020-06-04;10-Q|0001193125-20-286867|2020-11-05,unknown,yes,unknown,unknown,labeled,,,,,,,,0001193125-20-160834,10-K,2020-06-04,Item 1A,126721,"These healthcare industry constituents have used in the past, and likely will try to use in the future, their market power—particularly where it has been increased following mergers and consolidations—to negotiate price reductions for our solutions.",,,,,,,,,,,,
DEAL-CHNG-UNH-2021,2021-01-06,acquirer,UnitedHealth Group Incorporated,731766,exact_normalized_name_match,10-K|0000731766-20-000006|2020-02-14;10-Q|0000731766-20-000049|2020-11-02,unknown,yes,unknown,unknown,labeled,,,,,,,,0000731766-20-000006,10-K,2020-02-14,Item 1A,123363,"Failure to protect, consolidate and integrate our systems successfully could result in higher than expected costs and diversion of management’s time and energy, which could materially and adversely affect our results of operations, financial position and cash flows.",,,,,,,,,,,,
DEAL-CLDR-KKRCDR-2021,2021-06-01,target,"Cloudera, Inc.",1535379,reviewed_manifest_cik,10-K|0001628280-21-005632|2021-03-25,unknown,unknown,unknown,unknown,unknown,no_qualifying_disclosure_in_reviewed_filings,,,,,,,,,,,,,,,,,,,,,,,,
DEAL-CLDR-KKRCDR-2021,2021-06-01,acquirer,Sky Parent Inc.,,"unresolved(candidates=0,with_eligible_annual=0)",,unknown,unknown,unknown,unknown,unknown,acquirer_identity_unresolved,,,,,,,,,,,,,,,,,,,,,,,,
DEAL-CONE-KKRGIP-2021,2021-11-14,target,CyrusOne Inc.,1553023,reviewed_manifest_cik,10-K|0001553023-21-000012|2021-02-19;10-Q|0001553023-21-000091|2021-10-28,unknown,yes,unknown,unknown,labeled,,,,,,,,0001553023-21-000012,10-K,2021-02-19,Item 1A,112315,"Risks Related to Our Business and Operations . • A small number of customers account for a significant portion of our revenue. • A significant percentage of our customer leases expire each year or are on a month-to-month basis, and many of our leases contain early termination provisions. • Our contracts with our customers typically contain indemnification and liability provisions, in addition to s",,,,,,,,,,,,
DEAL-CONE-KKRGIP-2021,2021-11-14,acquirer,Cavalry Parent L.P.,,"unresolved(candidates=0,with_eligible_annual=0)",,unknown,unknown,unknown,unknown,unknown,acquirer_identity_unresolved,,,,,,,,,,,,,,,,,,,,,,,,
DEAL-COR-AMT-2021,2021-11-14,target,CoreSite Realty Corporation,1490892,reviewed_manifest_cik,10-K|0001558370-21-000757|2021-02-05;10-Q|0001558370-21-013788|2021-10-29,unknown,yes,unknown,unknown,labeled,,,,,,,,0001558370-21-000757,10-K,2021-02-05,Item 1,110997,"We depend on third parties to provide network connectivity, power, and certain other services within and between certain of our data centers, and any disruptions or changes in the cost of this connectivity, power or other services, may adversely affect our operating results and cash flow.",,,,,,,,,,,,
DEAL-COR-AMT-2021,2021-11-14,acquirer,American Tower Corporation,,"unresolved(candidates=3,with_eligible_annual=0)",,unknown,unknown,unknown,unknown,unknown,acquirer_identity_unresolved,,,,,,,,,,,,,,,,,,,,,,,,
DEAL-COUP-TB-2022,2022-12-11,target,Coupa Software Incorporated,1385867,reviewed_manifest_cik,10-K|0001385867-22-000010|2022-03-16;10-Q|0001385867-22-000041|2022-09-07,unknown,yes,unknown,unknown,labeled,,,,,,,,0001385867-22-000010,10-K,2022-03-16,Item 1,58258,"By using our Coupa Open Business Network, companies can improve compliance with government regulations, increase profitability, and reduce costs by driving electronic transactions away from paper-based transactions.",,,,,,,,,,,,
DEAL-COUP-TB-2022,2022-12-11,acquirer,"Project CS Parent, LLC",,"unresolved(candidates=0,with_eligible_annual=0)",,unknown,unknown,unknown,unknown,unknown,acquirer_identity_unresolved,,,,,,,,,,,,,,,,,,,,,,,,
DEAL-CTXS-PE-2022,2022-01-31,target,"Citrix Systems, Inc.",877890,reviewed_manifest_cik,10-K|0000877890-21-000051|2021-02-08;10-Q|0000877890-21-000351|2021-11-08,unknown,unknown,unknown,unknown,unknown,no_qualifying_disclosure_in_reviewed_filings,,,,,,,,,,,,,,,,,,,,,,,,
DEAL-CTXS-PE-2022,2022-01-31,acquirer,"Picard Parent, Inc.",,"unresolved(candidates=0,with_eligible_annual=0)",,unknown,unknown,unknown,unknown,unknown,acquirer_identity_unresolved,,,,,,,,,,,,,,,,,,,,,,,,
DEAL-CXO-COP-2020,2020-10-18,target,Concho Resources Inc.,1358071,reviewed_manifest_cik,10-K|0001358071-20-000011|2020-02-19;10-Q|0001358071-20-000045|2020-07-31,yes,yes,yes,yes,labeled,,0001358071-20-000011,10-K,2020-02-19,Item 1,57715,"At December 31, 2019 , our 1,002 MMBoe total estimated proved reserves were approximately 74 percent proved developed, as compared to proved developed reserves of approximately 69 percent of total estimated proved reserves of 1,187 MMBoe at December 31, 2018.",0001358071-20-000011,10-K,2020-02-19,Item 8,71606,"At higher commodity prices, we also face competition in contracting for drilling, pressure pumping and workover equipment and securing and retaining qualified personnel.",0001358071-20-000011,10-K,2020-02-19,Item 7,249744,"As a result of this contract, we expect our realized oil prices, as well as our gathering, processing and transportation costs, to increase for the related oil production in future periods.",0001358071-20-000011,10-K,2020-02-19,Item 1,65295,The presentation of average prices with derivatives is a result of including the net cash receipts from (payments on) commodity derivatives that are presented in our consolidated statements of cash flows.
DEAL-CXO-COP-2020,2020-10-18,acquirer,ConocoPhillips,1163165,exact_normalized_name_match,10-K|0001193125-20-039954|2020-02-18;10-Q|0001562762-20-000267|2020-08-04,yes,yes,yes,yes,labeled,,0001193125-20-039954,10-K,2020-02-18,pre-Item (cover/intro),104147,"We explore for, produce, transport and market crude oil, bitumen, natural gas, LNG and NGLs on . a worldwide . basis.",0001193125-20-039954,10-K,2020-02-18,Item 1A,173419,"As a result, we may experience declines in commodity . prices or incur . substantial capital expenditures and compliance, . operating, maintenance and remediation costs, . any of which . may have an adverse effect on our business and results . of operations.",0001193125-20-039954,10-K,2020-02-18,Item 15,377662,Shipping and Handling Costs. —We typically incur shipping and handling costs prior to control . transferring to the customer and account for these . activities as fulfillment costs.,0001193125-20-039954,10-K,2020-02-18,Item 7A,339129,"We and certain of our subsidiaries hold and issue derivative contracts and financial . instruments that expose our . cash flows or earnings to changes in commodity . prices, foreign currency exchange rates . or interest rates."
DEAL-DRE-PLD-2022,2022-06-13,target,Duke Realty Corporation,783280,reviewed_manifest_cik,10-K|0000783280-22-000010|2022-02-18;10-Q|0000783280-22-000033|2022-04-29,unknown,unknown,unknown,unknown,unknown,no_qualifying_disclosure_in_reviewed_filings,,,,,,,,,,,,,,,,,,,,,,,,
DEAL-DRE-PLD-2022,2022-06-13,acquirer,"Prologis, Inc.",1045609,exact_normalized_name_match,10-K|0001564590-22-004436|2022-02-09;10-Q|0001564590-22-015684|2022-04-26,unknown,unknown,unknown,unknown,unknown,no_qualifying_disclosure_in_reviewed_filings,,,,,,,,,,,,,,,,,,,,,,,,
DEAL-GNW-OCEANWIDE-2016,2016-10-21,target,"Genworth Financial, Inc.",1276520,reviewed_manifest_cik,10-K|0001193125-16-482185|2016-02-26;10-Q|0001193125-16-670233|2016-08-03,unknown,yes,unknown,unknown,labeled,,,,,,,,0001193125-16-482185,10-K,2016-02-26,Item 8,676743,"We expect ongoing ratings pressure on these sectors given commodity price levels, but we believe our energy portfolio is well-positioned and we would expect manageable capital impact on our U.S. life insurance subsidiaries.",,,,,,,,,,,,
DEAL-GNW-OCEANWIDE-2016,2016-10-21,acquirer,"Asia Pacific Global Capital Co., Ltd.",,"unresolved(candidates=0,with_eligible_annual=0)",,unknown,unknown,unknown,unknown,unknown,acquirer_identity_unresolved,,,,,,,,,,,,,,,,,,,,,,,,
DEAL-HZNP-AMGN-2022,2022-12-11,target,Horizon Therapeutics plc,1492426,reviewed_manifest_cik,10-K|0001564590-22-007863|2022-03-01;10-Q|0000950170-22-020973|2022-11-02,unknown,yes,yes,unknown,labeled,,,,,,,,0001564590-22-007863,10-K,2022-03-01,Item 1,345109,"U.S. and foreign government tariffs, trade restrictions, price and exchange controls and other regulatory requirements; . • . anti-corruption laws, including the Foreign Corrupt Practices Act, or the FCPA; . • . economic weakness, including inflation, natural disasters, war, events of terrorism or political instability in particular foreign countries; . • . fluctuations in currency exchange rates,",0001564590-22-007863,10-K,2022-03-01,Item 9A,695876,"Cost of goods sold includes all costs directly related to the acquisition of the Company’s medicines from its third-party manufacturers, including freight charges and other direct expenses such as insurance and supply chain costs.",,,,,,
DEAL-HZNP-AMGN-2022,2022-12-11,acquirer,Amgen Inc.,318154,exact_normalized_name_match,10-K|0000318154-22-000010|2022-02-16;10-Q|0000318154-22-000055|2022-11-04,unknown,yes,yes,unknown,labeled,,,,,,,,0000318154-22-000010,10-K,2022-02-16,Item 1,256372,"The growing concentration of purchasing and negotiating power by these entities has, and may continue to, put pressure on our pricing due to their ability to extract price discounts on our products, fees for other services or rebates, negatively affecting our bargaining position, sales and/or profit margins.",0000318154-22-000010,10-K,2022-02-16,Item 1,308978,"Further, we rely on commercial transportation, including air and sea freight, for the distribution of our products to our customers, which may be negatively affected by natural disasters, security threats and/or the ongoing COVID-19 pandemic.",,,,,,
DEAL-IMGN-ABBV-2023,2023-11-30,target,"ImmunoGen, Inc.",855654,reviewed_manifest_cik,10-K|0001558370-23-002558|2023-03-01;10-Q|0001558370-23-017411|2023-11-02,unknown,unknown,yes,unknown,labeled,,,,,,,,,,,,,,0001558370-23-002558,10-K,2023-03-01,Item 7,255120,"Our cost of sales includes the cost of producing and distributing inventories that are related to product revenue, including freight.",,,,,,
DEAL-IMGN-ABBV-2023,2023-11-30,acquirer,AbbVie Inc.,1551152,exact_normalized_name_match,10-K|0001551152-23-000011|2023-02-17;10-Q|0001551152-23-000045|2023-11-06,unknown,unknown,yes,unknown,labeled,,,,,,,,,,,,,,0001551152-23-000011,10-K,2023-02-17,Item 8,314060,The company recognizes shipping and handling costs as an . 55 . | 2022 Form 10-K . expense in cost of products sold when the company transfers control to the customer.,,,,,,
DEAL-IRBT-AMZN-2022,2022-08-04,target,iRobot Corporation,1159167,reviewed_manifest_cik,10-K|0001159167-22-000009|2022-02-15;10-Q|0001159167-22-000030|2022-05-05,unknown,yes,yes,unknown,labeled,,,,,,,,0001159167-22-000009,10-K,2022-02-15,Item 1,28766,"Other 2021 highlights included our efforts to mitigate semiconductor chip shortages that constrained production of our floor cleaning robots and address a range of supply chain challenges that resulted in higher-than-expected costs for components, raw materials and transportation.",0001159167-22-000009,10-K,2022-02-15,Item 1A,83108,"For example, we have already experienced an increase in freight costs and a delay in our supply chain . 13 .",,,,,,
DEAL-IRBT-AMZN-2022,2022-08-04,acquirer,"Amazon.com, Inc.",1018724,exact_normalized_name_match,10-K|0001018724-22-000005|2022-02-04;10-Q|0001018724-22-000019|2022-07-29,unknown,yes,yes,unknown,labeled,,,,,,,,0001018724-22-000005,10-K,2022-02-04,Item 1A,62113,"Our sales and operating results will also fluctuate for many other reasons, including due to factors described elsewhere in this section and the following: . • our ability to retain and increase sales to existing customers, attract new customers, and satisfy our customers’ demands; . • our ability to retain and expand our network of sellers; . • our ability to offer products on favorable terms, ma",0001018724-22-000005,10-K,2022-02-04,Item 7,53853,"We regularly experience increases in our net shipping cost due to complimentary upgrades, split-shipments, and additional long-zone shipments necessary to ensure timely delivery for the holiday season.",,,,,,
DEAL-LLTC-ADI-2016,2016-07-26,target,Linear Technology Corporation,791907,reviewed_manifest_cik,10-K|0000791907-15-000099|2015-08-19;10-Q|0000791907-16-000173|2016-05-05,unknown,yes,yes,unknown,labeled,,,,,,,,0000791907-15-000099,10-K,2015-08-19,Item 1A,52494,"Reductions or other fluctuations in consumer and/or corporate spending, including as a result of uncertain conditions in the macroeconomic environment, such as government economic or fiscal instability, restricted global credit conditions, reduced demand, imbalanced inventory levels, mortgage failures, fluctuations in interest rates, energy prices, currencies, or other conditions, could adversely ",0000791907-15-000099,10-K,2015-08-19,Item 1A,63266,"We rely on third party vendors for materials, supplies, critical manufacturing equipment and freight services that may not have adequate capacity or may be impacted by outside influences such as natural disasters or material sourcing that could impact our product delivery requirements.",,,,,,
DEAL-LLTC-ADI-2016,2016-07-26,acquirer,"Analog Devices, Inc.",6281,exact_normalized_name_match,10-K|0000006281-15-000044|2015-11-24;10-Q|0000006281-16-000067|2016-05-18,unknown,yes,yes,unknown,labeled,,,,,,,,0000006281-15-000044,10-K,2015-11-24,Item 1,14732,"We believe that the principal advantages these products have as compared to competitors’ products include higher accuracy, higher speed, lower cost per function, smaller size, lower power consumption and fewer components, resulting in improved performance and reliability.",0000006281-15-000044,10-K,2015-11-24,Item 1A,59040,"We rely, and plan to continue to rely, on suppliers, assembly and test subcontractors, freight carriers, and third-party wafer fabricators to supply most of our wafers that can be manufactured using industry-standard submicron processes.",,,,,,
DEAL-LSCC-CANYONBRIDGE-2016,2016-11-03,target,Lattice Semiconductor Corporation,855658,reviewed_manifest_cik,10-K|0000855658-16-000180|2016-03-02;10-Q|0000855658-16-000282|2016-08-11,unknown,yes,yes,unknown,labeled,,,,,,,,0000855658-16-000180,10-K,2016-03-02,Item 1A,69778,"A number of factors, including yield, wafer pricing, cost of packaging raw materials, product mix, market acceptance of our new products, competitive pricing dynamics, geographic and/or end market mix, and pricing strategies, can cause our gross margins to fluctuate.",0000855658-16-000180,10-K,2016-03-02,Item 1A,85142,"Our foreign sales are subject to numerous risks, including: . • . changes in local economic conditions; . • . currency exchange rate volatility; . • . governmental stimulus packages, controls, and trade restrictions; . • . governmental policies that promote development and consumption of domestic products; . • . export license requirements, foreign trade compliance matters, and restrictions on the",,,,,,
DEAL-LSCC-CANYONBRIDGE-2016,2016-11-03,acquirer,"Canyon Bridge Acquisition Company, Inc.",,"unresolved(candidates=0,with_eligible_annual=0)",,unknown,unknown,unknown,unknown,unknown,acquirer_identity_unresolved,,,,,,,,,,,,,,,,,,,,,,,,
DEAL-MDLA-TB-2021,2021-07-25,target,"Medallia, Inc.",1540184,reviewed_manifest_cik,10-K|0001540184-21-000004|2021-03-22;10-Q|0001540184-21-000017|2021-06-04,unknown,yes,unknown,unknown,labeled,,,,,,,,0001540184-21-000004,10-K,2021-03-22,Item 1A,226487,"Internet access is frequently provided by companies that have significant market power and could take actions that degrade, disrupt or increase the cost of our customers’ use of our platform, which could negatively impact our business.",,,,,,,,,,,,
DEAL-MDLA-TB-2021,2021-07-25,acquirer,"Project Metal Parent, LLC",,"unresolved(candidates=0,with_eligible_annual=0)",,unknown,unknown,unknown,unknown,unknown,acquirer_identity_unresolved,,,,,,,,,,,,,,,,,,,,,,,,
DEAL-MRO-COP-2024,2024-05-28,target,Marathon Oil Corporation,101778,reviewed_manifest_cik,10-K|0000101778-24-000023|2024-02-22;10-Q|0000101778-24-000099|2024-05-02,yes,yes,yes,yes,labeled,,0000101778-24-000023,10-K,2024-02-22,Item 16,55904,Proved developed reserves – Proved reserves that can be expected to be recovered through existing wells with existing equipment and operating methods or for which the cost of the required equipment is relatively minor compared to the cost of a new well.,0000101778-24-000023,10-K,2024-02-22,Item 1A,121053,"A substantial decline in crude oil and condensate, NGLs and natural gas prices would reduce our operating results and cash flows and could adversely impact the carrying value of our assets.",0000101778-24-000023,10-K,2024-02-22,Item 7,219528,"Shipping, handling and other operating expenses decreased $44 million in 2023 when compared to 2022, primarily due to a decrease in purchases of commodity volumes for resale to satisfy transportation commitments, partially offset by an increase in shipping and handling costs due to increased volumes from our acquisition of the Eagle Ford assets of Ensign in December 2022. 42 .",0000101778-24-000023,10-K,2024-02-22,Item 8,151600,"In order to mitigate commodity price volatility and increase the predictability of cash flows related to the marketing of our crude oil, NGLs and natural gas, we, from time to time, enter into crude oil, NGL and natural gas hedging arrangements with respect to a portion of our expected production."
DEAL-MRO-COP-2024,2024-05-28,acquirer,ConocoPhillips,1163165,exact_normalized_name_match,10-K|0001163165-24-000010|2024-02-15;10-Q|0001163165-24-000023|2024-05-02,yes,yes,yes,yes,labeled,,0001163165-24-000010,10-K,2024-02-15,pre-Item (cover/intro),95846,"We explore for, produce, transport and market crude oil, bitumen, natural gas, NGLs and LNG on a worldwide basis.",0001163165-24-000010,10-K,2024-02-15,Item 1A,145576,"Our operating results, our ability to execute on our strategy and the carrying value of our assets are exposed to the effects of volatile commodity prices or prolonged periods of low commodity prices.",0001163165-24-000010,10-K,2024-02-15,Item 8,356601,"Transactions commonly called buy/sell contracts, in which the purchase and sale of inventory with the same counterparty are entered into “in contemplation” of one another, are combined and reported net (i.e., on the same income statement line). • Shipping and Handling Costs —We typically incur shipping and handling costs prior to control transferring to the customer and account for these activitie",0001163165-24-000010,10-K,2024-02-15,Item 7,250478,"The increase in cash provided by operating activities from 2022 compared to 2021 is primarily due to higher realized commodity prices, higher sales volumes mostly due to our acquisition of Shell Permian assets and the absence of the 2021 settlement of oil and gas hedging positions acquired from Concho."
DEAL-MXIM-ADI-2020,2020-07-12,target,"Maxim Integrated Products, Inc.",743316,reviewed_manifest_cik,10-K|0000743316-19-000024|2019-08-21;10-Q|0000743316-20-000015|2020-04-29,unknown,unknown,yes,unknown,labeled,,,,,,,,,,,,,,0000743316-19-000024,10-K,2019-08-21,Item 1A,34949,"Our dependence on subcontractors for assembly, test, freight, wafer fabrication and logistic services and certain manufacturing services may cause delays beyond our control in delivering products to our customers.",,,,,,
DEAL-MXIM-ADI-2020,2020-07-12,acquirer,"Analog Devices, Inc.",6281,exact_normalized_name_match,10-K|0000006281-19-000144|2019-11-26;10-Q|0000006281-20-000087|2020-05-20,unknown,yes,yes,unknown,labeled,,,,,,,,0000006281-19-000144,10-K,2019-11-26,Item 1,47842,"We believe that the principal advantages these products have as compared to competitors’ products include higher accuracy, higher speed, lower cost per function, smaller size, lower power consumption and fewer components, resulting in improved performance and reliability.",0000006281-19-000144,10-K,2019-11-26,Item 1A,80456,"Risks associated with our international business operations include the following: . • political, legal and economic changes, crises or instability and civil unrest in markets in which we do business, including potential macroeconomic weakness related to escalating trade disputes between the United States and China and the United Kingdom's pending withdrawal from the European Union; . • compliance",,,,,,
DEAL-NLSN-EVERGREEN-2022,2022-03-28,target,Nielsen Holdings plc,1492633,reviewed_manifest_cik,10-K|0001564590-22-007612|2022-02-28,unknown,unknown,yes,unknown,labeled,,,,,,,,,,,,,,0001564590-22-007612,10-K,2022-02-28,Item 1A,148680,"If any of our third-party providers suffer from limited solvency, delays in manufacturing schedule, or delays in shipping because of the pandemic, it could negatively impact our operating model and our business.",,,,,,
DEAL-NLSN-EVERGREEN-2022,2022-03-28,acquirer,Neptune Intermediate Jersey Limited,,"unresolved(candidates=0,with_eligible_annual=0)",,unknown,unknown,unknown,unknown,unknown,acquirer_identity_unresolved,,,,,,,,,,,,,,,,,,,,,,,,
DEAL-PFPT-TB-2021,2021-04-25,target,"Proofpoint, Inc.",1212458,reviewed_manifest_cik,10-K|0001564590-21-006943|2021-02-19,unknown,yes,unknown,unknown,labeled,,,,,,,,0001564590-21-006943,10-K,2021-02-19,Item 1A,146463,"If we or the third-party data center facilities that we use to deliver our services were to experience a major power outage or if the cost of electricity were to increase significantly, our operations and financial results could be harmed.",,,,,,,,,,,,
DEAL-PFPT-TB-2021,2021-04-25,acquirer,"Project Kafka Parent, LLC",,"unresolved(candidates=0,with_eligible_annual=0)",,unknown,unknown,unknown,unknown,unknown,acquirer_identity_unresolved,,,,,,,,,,,,,,,,,,,,,,,,
DEAL-PXD-XOM-2023,2023-10-10,target,Pioneer Natural Resources Company,1038357,reviewed_manifest_cik,10-K|0001038357-23-000039|2023-02-23;10-Q|0001038357-23-000084|2023-08-01,yes,yes,yes,yes,labeled,,0001038357-23-000039,10-K,2023-02-23,Item 2,32716,Proved Reserves . 39 .,0001038357-23-000039,10-K,2023-02-23,Item 16,43667,"These risks and uncertainties include, among other things, volatility of commodity prices; product supply and demand; the impact of armed conflict (including the war in Ukraine) and political instability on economic activity and oil and gas supply and demand; competition; the ability to obtain drilling, environmental and other permits and the timing thereof; the effect of future regulatory or legi",0001038357-23-000039,10-K,2023-02-23,Item 1A,114979,"In addition, any changes in FERC or state regulations or requirements on pipeline transportation may result in increased transportation costs on pipelines that are subject to such regulation, thereby negatively impacting the Company's profitability.",0001038357-23-000039,10-K,2023-02-23,Item 16,45137,"Pioneer's ability to replace reserves, implement its business plans or complete its development activities as scheduled; the Company's ability to achieve its emissions reductions, flaring and other ESG goals; access to and cost of capital; the financial strength of (i) counterparties to Pioneer's credit facility and derivative contracts, (ii) issuers of Pioneer's investment securities and (iii) pu"
DEAL-PXD-XOM-2023,2023-10-10,acquirer,Exxon Mobil Corporation,34088,exact_normalized_name_match,10-K|0000034088-23-000020|2023-02-22;10-Q|0000034088-23-000048|2023-08-01,yes,yes,yes,yes,labeled,,0000034088-23-000020,10-K,2023-02-22,Item 1,59811,"Our principal business involves exploration for, and production of, crude oil and natural gas; manufacture, trade, transport and sale of crude oil, natural gas, petroleum products, petrochemicals, and a wide variety of specialty products; and pursuit of lower-emission business opportunities including carbon capture and storage, hydrogen, and lower-emission fuels.",0000034088-23-000020,10-K,2023-02-22,Item 1A,68426,"Any material decline in oil or natural gas prices could have a material adverse effect on the company’s operations, financial condition, and proved reserves, especially in the Upstream segment.",0000034088-23-000020,10-K,2023-02-22,Item 1A,86101,"Specific factors that can affect the performance of major projects include our ability to: negotiate successfully with joint venturers, partners, governments, suppliers, customers, or others; model and optimize reservoir performance; develop markets for project outputs, whether through long-term contracts or the development of effective spot markets; manage changes in operating conditions and cost",0000034088-23-000020,10-K,2023-02-22,Item 1A,73397,Market factors may also result in losses from commodity derivatives and other instruments we use to hedge price exposures or for trading purposes.
DEAL-RAD-WBA-2015,2015-10-27,target,Rite Aid Corporation,84129,reviewed_manifest_cik,10-K|0001047469-15-003838|2015-04-23;10-Q|0001104659-15-069389|2015-10-06,unknown,unknown,unknown,unknown,unknown,no_qualifying_disclosure_in_reviewed_filings,,,,,,,,,,,,,,,,,,,,,,,,
DEAL-RAD-WBA-2015,2015-10-27,acquirer,"Walgreens Boots Alliance, Inc.",,"unresolved(candidates=1,with_eligible_annual=0)",,unknown,unknown,unknown,unknown,unknown,acquirer_identity_unresolved,,,,,,,,,,,,,,,,,,,,,,,,
DEAL-RCII-VINTAGE-2018,2018-06-17,target,"Rent-A-Center, Inc.",933036,reviewed_manifest_cik,10-K|0000933036-18-000010|2018-03-01;10-Q|0000933036-18-000015|2018-05-03,unknown,unknown,unknown,unknown,unknown,no_qualifying_disclosure_in_reviewed_filings,,,,,,,,,,,,,,,,,,,,,,,,
DEAL-RCII-VINTAGE-2018,2018-06-17,acquirer,"Vintage Rodeo Parent, LLC",,"unresolved(candidates=0,with_eligible_annual=0)",,unknown,unknown,unknown,unknown,unknown,acquirer_identity_unresolved,,,,,,,,,,,,,,,,,,,,,,,,
DEAL-RESI-AMHERST-2020,2020-02-17,target,Front Yard Residential Corporation,1555039,reviewed_manifest_cik,10-K|0001555039-19-000006|2019-02-27;10-Q|0001555039-19-000069|2019-11-06,unknown,yes,unknown,unknown,labeled,,,,,,,,0001555039-19-000006,10-K,2019-02-27,Item 1A,97245,"Competition from these companies may reduce the number of attractive investment opportunities available to us or increase the bargaining power of asset owners seeking to sell, which would increase the prices of assets.",,,,,,,,,,,,
DEAL-RESI-AMHERST-2020,2020-02-17,acquirer,"BAF Holdings, LLC",,"unresolved(candidates=0,with_eligible_annual=0)",,unknown,unknown,unknown,unknown,unknown,acquirer_identity_unresolved,,,,,,,,,,,,,,,,,,,,,,,,
DEAL-RP-TB-2020,2020-12-20,target,"RealPage, Inc.",1286225,reviewed_manifest_cik,10-K|0001286225-20-000011|2020-03-02;10-Q|0001286225-20-000036|2020-11-06,unknown,unknown,unknown,unknown,unknown,no_qualifying_disclosure_in_reviewed_filings,,,,,,,,,,,,,,,,,,,,,,,,
DEAL-RP-TB-2020,2020-12-20,acquirer,"Mirasol Parent, LLC",,"unresolved(candidates=0,with_eligible_annual=0)",,unknown,unknown,unknown,unknown,unknown,acquirer_identity_unresolved,,,,,,,,,,,,,,,,,,,,,,,,
DEAL-SAIL-TB-2022,2022-04-10,target,"SailPoint Technologies Holdings, Inc.",1627857,reviewed_manifest_cik,10-K|0001627857-22-000030|2022-02-28,unknown,unknown,unknown,unknown,unknown,no_qualifying_disclosure_in_reviewed_filings,,,,,,,,,,,,,,,,,,,,,,,,
DEAL-SAIL-TB-2022,2022-04-10,acquirer,"Project Hotel California Holdings, LP",,"unresolved(candidates=0,with_eligible_annual=0)",,unknown,unknown,unknown,unknown,unknown,acquirer_identity_unresolved,,,,,,,,,,,,,,,,,,,,,,,,
DEAL-SAVE-ULCC-2022,2022-02-05,target,"Spirit Airlines, Inc.",1498710,reviewed_manifest_cik,10-K|0001498710-21-000020|2021-02-10;10-Q|0001498710-21-000126|2021-10-27,yes,yes,unknown,yes,labeled,,0001498710-21-000020,10-K,2021-02-10,Item 1A,209156,"From time to time, we may enter into fuel derivative contracts in order to mitigate the risk to our business from future volatility in fuel prices, refining risk between the price of crude oil and the price of refined jet fuel, and to manage the risk of increasing fuel prices.",0001498710-21-000020,10-K,2021-02-10,Item 1A,39892,"These risk factors include, but are not limited to, the following: . • The impact of the COVID-19 pandemic on our business, results of operations and financial condition; . • The competitiveness of our industry; . • Volatility in fuel costs or significant disruptions in the supply of fuel, in particular the impact on our single service provider on whom we rely to manage the majority of our fuel su",,,,,,,0001498710-21-000020,10-K,2021-02-10,Item 1A,111409,"From time to time, we may enter into fuel derivative contracts in order to mitigate the risk to our business from future volatility in fuel prices."
DEAL-SAVE-ULCC-2022,2022-02-05,acquirer,"Frontier Group Holdings, Inc.",,"unresolved(candidates=1,with_eligible_annual=0)",,unknown,unknown,unknown,unknown,unknown,acquirer_identity_unresolved,,,,,,,,,,,,,,,,,,,,,,,,
DEAL-SGEN-PFE-2023,2023-03-12,target,Seagen Inc.,1060736,reviewed_manifest_cik,10-K|0001060736-23-000009|2023-02-15,unknown,unknown,unknown,unknown,unknown,no_qualifying_disclosure_in_reviewed_filings,,,,,,,,,,,,,,,,,,,,,,,,
DEAL-SGEN-PFE-2023,2023-03-12,acquirer,Pfizer Inc.,78003,exact_normalized_name_match,10-K|0000078003-23-000024|2023-02-23,unknown,yes,unknown,unknown,labeled,,,,,,,,0000078003-23-000024,10-K,2023-02-23,Item 8,133097,"In particular, forward-looking information in this Form 10-K includes statements relating to specific future actions, performance and effects, including, among others, the expected benefits of the organizational changes to our operations; our 2023 revenue expectations; our ongoing efforts to respond to COVID-19, including our plans and expectations regarding Comirnaty and Paxlovid, and any potenti",,,,,,,,,,,,
DEAL-SPLK-CSCO-2023,2023-09-20,target,Splunk Inc.,1353283,reviewed_manifest_cik,10-K|0001353283-23-000011|2023-03-23;10-Q|0001353283-23-000034|2023-08-24,unknown,unknown,unknown,unknown,unknown,no_qualifying_disclosure_in_reviewed_filings,,,,,,,,,,,,,,,,,,,,,,,,
DEAL-SPLK-CSCO-2023,2023-09-20,acquirer,"Cisco Systems, Inc.",858877,exact_normalized_name_match,10-K|0000858877-23-000023|2023-09-07,unknown,yes,yes,unknown,labeled,,,,,,,,0000858877-23-000023,10-K,2023-09-07,Item 1,167976,An increase in the value of the dollar could increase the real cost to our customers of our products in those markets outside the United States where we sell in dollars and a weakened dollar could increase the cost of local operating expenses and procurement of raw materials to the extent that we must purchase components in foreign currencies.,0000858877-23-000023,10-K,2023-09-07,Item 1A,119484,"We have experienced periods of time during which shipments have exceeded net bookings or manufacturing issues have delayed shipments, leading to nonlinearity in shipping patterns.",,,,,,
DEAL-STOR-GIC-2022,2022-09-15,target,STORE Capital Corporation,1538990,reviewed_manifest_cik,10-K|0001558370-22-002011|2022-02-25;10-Q|0001558370-22-012296|2022-08-05,unknown,yes,unknown,unknown,labeled,,,,,,,,0001558370-22-002011,10-K,2022-02-25,Item 1A,162379,"Such impacts may result from increased frequency of natural disasters, changes in rainfall and storm patterns and intensities, water shortages, changing sea levels, rising energy and environmental costs, and changing temperatures, which may impact our or our tenants’ ability to obtain property insurance on acceptable terms.",,,,,,,,,,,,
DEAL-STOR-GIC-2022,2022-09-15,acquirer,"Ivory Parent, LLC",,"unresolved(candidates=0,with_eligible_annual=0)",,unknown,unknown,unknown,unknown,unknown,acquirer_identity_unresolved,,,,,,,,,,,,,,,,,,,,,,,,
DEAL-SWCH-DIGITALBRIDGE-2022,2022-05-11,target,"Switch, Inc.",1710583,reviewed_manifest_cik,10-K|0001710583-22-000009|2022-03-01;10-Q|0001710583-22-000021|2022-05-10,unknown,yes,unknown,yes,labeled,,,,,,,,0001710583-22-000009,10-K,2022-03-01,Item 1,34252,"Table o f Contents . in these metropolitan markets can access our advanced colocation facilities while reducing exposure to the higher taxes, higher cost of power and higher risk of natural disaster that might be prevalent in other markets.",,,,,,,0001710583-22-000009,10-K,2022-03-01,Item 1A,274406,"Gain (loss) on swaps consists of changes in the fair value of interest rate swaps used to mitigate our exposure to interest rate risk and power swaps used to mitigate our exposure to adverse changes in the price of power, inclusive of periodic net settlement amounts."
DEAL-SWCH-DIGITALBRIDGE-2022,2022-05-11,acquirer,Sunshine Bidco Inc.,,"unresolved(candidates=0,with_eligible_annual=0)",,unknown,unknown,unknown,unknown,unknown,acquirer_identity_unresolved,,,,,,,,,,,,,,,,,,,,,,,,
DEAL-WORK-CRM-2020,2020-12-01,target,"Slack Technologies, Inc.",1764925,reviewed_manifest_cik,10-K|0001764925-20-000251|2020-03-12;10-Q|0001764925-20-000570|2020-09-08,unknown,yes,unknown,unknown,labeled,,,,,,,,0001764925-20-000251,10-K,2020-03-12,Item 1A,241993,"Internet access is frequently provided by companies that have significant market power that could take actions that degrade, disrupt or increase the cost of user access to Slack, which would negatively impact our business.",,,,,,,,,,,,
DEAL-WORK-CRM-2020,2020-12-01,acquirer,"salesforce.com, inc.",1108524,exact_normalized_name_match,10-K|0001108524-20-000014|2020-03-05;10-Q|0001108524-20-000041|2020-08-28,unknown,unknown,unknown,unknown,unknown,no_qualifying_disclosure_in_reviewed_filings,,,,,,,,,,,,,,,,,,,,,,,,
DEAL-XLNX-AMD-2020,2020-10-26,target,"Xilinx, Inc.",743988,reviewed_manifest_cik,10-K|0000743988-20-000020|2020-05-08;10-Q|0000743988-20-000051|2020-10-22,unknown,yes,unknown,unknown,labeled,,,,,,,,0000743988-20-000020,10-K,2020-05-08,Item 1A,49105,"Programmable platforms, alternatively, are becoming critical for our customers to meet increasingly stringent product requirements – cost, power, performance and density – in a business environment characterized by increased complexity, shrinking market windows, rapidly changing market demands, capped engineering budgets, escalating ASIC and ASSP engineering costs and increased economic and develo",,,,,,,,,,,,
DEAL-XLNX-AMD-2020,2020-10-26,acquirer,"Advanced Micro Devices, Inc.",2488,exact_normalized_name_match,10-K|0000002488-20-000008|2020-02-04;10-Q|0000002488-20-000103|2020-07-29,unknown,unknown,yes,unknown,labeled,,,,,,,,,,,,,,0000002488-20-000008,10-K,2020-02-04,Item 1A,99544,"If we fail to or are delayed in developing, qualifying or shipping new products or technologies that provide value to our customers and address these new trends or if we fail to predict which new form factors consumers will adopt and adjust our business accordingly, we may lose competitive positioning, which could cause us to lose market share and require us to discount the selling prices of our .",,,,,,
DEAL-XLRN-MRK-2021,2021-09-29,target,Acceleron Pharma Inc.,1280600,reviewed_manifest_cik,10-K|0001280600-21-000017|2021-02-25;10-Q|0001280600-21-000066|2021-08-05,unknown,unknown,unknown,unknown,unknown,no_qualifying_disclosure_in_reviewed_filings,,,,,,,,,,,,,,,,,,,,,,,,
DEAL-XLRN-MRK-2021,2021-09-29,acquirer,Merck Sharp & Dohme Corp.,,"unresolved(candidates=2,with_eligible_annual=0)",,unknown,unknown,unknown,unknown,unknown,acquirer_identity_unresolved,,,,,,,,,,,,,,,,,,,,,,,,
DEAL-ZEN-ZORO-2022,2022-06-24,target,"Zendesk, Inc.",1463172,reviewed_manifest_cik,10-K|0001463172-22-000027|2022-02-15;10-Q|0001463172-22-000120|2022-04-29,unknown,unknown,unknown,unknown,unknown,no_qualifying_disclosure_in_reviewed_filings,,,,,,,,,,,,,,,,,,,,,,,,
DEAL-ZEN-ZORO-2022,2022-06-24,acquirer,"Zoro BidCo, Inc.",,"unresolved(candidates=0,with_eligible_annual=0)",,unknown,unknown,unknown,unknown,unknown,acquirer_identity_unresolved,,,,,,,,,,,,,,,,,,,,,,,,
DEAL-VOCUS-GTCR-2014,2014-04-07,target,"Vocus, Inc.",1329919,reviewed_manifest_cik,10-K|0001193125-14-089209|2014-03-07,unknown,unknown,unknown,unknown,unknown,no_qualifying_disclosure_in_reviewed_filings,,,,,,,,,,,,,,,,,,,,,,,,
DEAL-VOCUS-GTCR-2014,2014-04-07,acquirer,"GTCR Beltsville Holdings, LLC",,"unresolved(candidates=0,with_eligible_annual=0)",,unknown,unknown,unknown,unknown,unknown,acquirer_identity_unresolved,,,,,,,,,,,,,,,,,,,,,,,,
DEAL-COBRA-MONOMO-2014,2014-08-28,target,COBRA ELECTRONICS CORP,30828,reviewed_manifest_cik,10-K|0001193125-14-103877|2014-03-18;10-Q|0001193125-14-307697|2014-08-13,unknown,yes,unknown,yes,labeled,,,,,,,,0001193125-14-103877,10-K,2014-03-18,Item 1A,51526,The impact of higher commodity prices and increased labor costs overseas may reduce the profitability of our business.,,,,,,,0001193125-14-103877,10-K,2014-03-18,Item 7A,127996,"Table of Contents . not use derivative financial or commodity instruments for trading or speculative purposes, however, forward contracts are used occasionally for hedging a portion of the Company’s British pound and euro denominated transactions."
DEAL-COBRA-MONOMO-2014,2014-08-28,acquirer,Monomoy Capital Partners,,"unresolved(candidates=0,with_eligible_annual=0)",,unknown,unknown,unknown,unknown,unknown,acquirer_identity_unresolved,,,,,,,,,,,,,,,,,,,,,,,,
DEAL-ANNIE-GENERA-2014,2014-09-08,target,"Annie's, Inc.",1431897,reviewed_manifest_cik,10-K|0001445305-14-002425|2014-06-02;10-Q|0001445305-14-003508|2014-08-07,unknown,yes,yes,unknown,labeled,,,,,,,,0001445305-14-002425,10-K,2014-06-02,Item 1,33666,"In fiscal 2014, we completed the implementation of a transportation management system, which focused on increasing visibility within the supply chain while lowering freight costs for moving raw materials between suppliers and contract manufacturers.",0001445305-14-002425,10-K,2014-06-02,Item 1,33319,"Our efficiency initiatives have focused on selecting better and more efficient manufacturers, renegotiating tolling fees with existing manufacturers, managing in-bound freight, leveraging warehouse expenses and reducing ingredient and packaging costs through increased volume buys, contract consolidation, direct purchasing and price negotiation.",,,,,,
DEAL-ANNIE-GENERA-2014,2014-09-08,acquirer,General Mills,40704,exact_normalized_name_match,10-K|0001193125-14-260716|2014-07-03,yes,yes,yes,yes,labeled,,0001193125-14-260716,10-K,2014-07-03,Item 8,11630,"We also have a grain merchandising operation that provides us efficient access to, and more informed knowledge of, various commodity markets, principally wheat and oats.",0001193125-14-260716,10-K,2014-07-03,Item 1,29152,"Price changes for the commodities we depend on for raw materials, packaging, and energy may adversely affect our profitability.",0001193125-14-260716,10-K,2014-07-03,Item 8,173457,"Shipping costs associated with the distribution of finished product to our customers are recorded as cost of sales, and are recognized when the related finished product is shipped to and accepted by the customer.",0001193125-14-260716,10-K,2014-07-03,Item 1,29849,"We do not fully hedge against changes in commodity prices, and the risk management procedures that we do use may not always work as we intend."
DEAL-SABA-VECTOR-2015,2015-02-11,target,SABA SOFTWARE INC,1070380,reviewed_manifest_cik,,unknown,unknown,unknown,unknown,unknown,no_preannouncement_annual_report_in_window,,,,,,,,,,,,,,,,,,,,,,,,
DEAL-SABA-VECTOR-2015,2015-02-11,acquirer,Vector Capital,,"unresolved(candidates=3,with_eligible_annual=0)",,unknown,unknown,unknown,unknown,unknown,acquirer_identity_unresolved,,,,,,,,,,,,,,,,,,,,,,,,
DEAL-SUTRON-HACH-2015,2015-06-22,target,SUTRON CORP,728331,reviewed_manifest_cik,10-K|0001185185-15-000726|2015-03-31;10-Q|0001185185-15-001300|2015-05-15,unknown,unknown,unknown,unknown,unknown,no_qualifying_disclosure_in_reviewed_filings,,,,,,,,,,,,,,,,,,,,,,,,
DEAL-SUTRON-HACH-2015,2015-06-22,acquirer,Hach Company,,"unresolved(candidates=1,with_eligible_annual=0)",,unknown,unknown,unknown,unknown,unknown,acquirer_identity_unresolved,,,,,,,,,,,,,,,,,,,,,,,,
DEAL-SCIQUE-ACCEL-2016,2016-05-31,target,SCIQUEST INC,1082526,reviewed_manifest_cik,10-K|0001564590-16-013005|2016-02-22;10-Q|0001564590-16-018270|2016-05-06,unknown,unknown,unknown,unknown,unknown,no_qualifying_disclosure_in_reviewed_filings,,,,,,,,,,,,,,,,,,,,,,,,
DEAL-SCIQUE-ACCEL-2016,2016-05-31,acquirer,Accel-KKR,,"unresolved(candidates=1,with_eligible_annual=0)",,unknown,unknown,unknown,unknown,unknown,acquirer_identity_unresolved,,,,,,,,,,,,,,,,,,,,,,,,
DEAL-IMPRIV-THOMA-2016,2016-07-13,target,Imprivata Inc,1328015,reviewed_manifest_cik,10-K|0001564590-16-013831|2016-03-02;10-Q|0001564590-16-018180|2016-05-06,unknown,unknown,unknown,unknown,unknown,no_qualifying_disclosure_in_reviewed_filings,,,,,,,,,,,,,,,,,,,,,,,,
DEAL-IMPRIV-THOMA-2016,2016-07-13,acquirer,Thoma Bravo,,"unresolved(candidates=1,with_eligible_annual=0)",,unknown,unknown,unknown,unknown,unknown,acquirer_identity_unresolved,,,,,,,,,,,,,,,,,,,,,,,,
DEAL-MATERI-NEW-2014,2014-01-09,target,MATERIAL SCIENCES CORP,755003,reviewed_manifest_cik,10-K|0001193125-13-200743|2013-05-06;10-Q|0001193125-13-395959|2013-10-10,yes,yes,unknown,yes,labeled,,0001193125-13-200743,10-K,2013-05-06,Item 1,7366,"(“Tekno”), which manufactures and sells acoustical products. • We provide for the production of our acoustical products in Asia through a third party in Malaysia. • We have an agreement with a Korean company, Hae Won Steel (“Hae Won”), to produce Quiet Steel ® and other laminate products in Korea. • We have a subsidiary in China which serves as a trading company for Asia.",0001193125-13-200743,10-K,2013-05-06,Item 1A,18542,"We are, however, affected by the price and availability of certain raw material inputs such as steel, zinc, nickel, electricity and natural gas.",,,,,,,0001193125-13-395959,10-Q,2013-10-10,Item 1,11655,We use derivative instruments with the objective of managing our financial and operational exposure arising from these risks: primarily commodity price risk.
DEAL-MATERI-NEW-2014,2014-01-09,acquirer,New Star Metals,,"unresolved(candidates=0,with_eligible_annual=0)",,unknown,unknown,unknown,unknown,unknown,acquirer_identity_unresolved,,,,,,,,,,,,,,,,,,,,,,,,
DEAL-AMERIC-HIGLAS-2014,2014-01-10,target,AMERICAN PACIFIC CORP,350832,reviewed_manifest_cik,10-K|0001193125-13-472044|2013-12-13,unknown,yes,unknown,unknown,labeled,,,,,,,,0001193125-13-472044,10-K,2013-12-13,Item 8,71526,Our operations consume a significant amount of power (electricity and natural gas); the pricing of these power costs can be volatile.,,,,,,,,,,,,
DEAL-AMERIC-HIGLAS-2014,2014-01-10,acquirer,H.I.G. LAS VEGAS,,"unresolved(candidates=0,with_eligible_annual=0)",,unknown,unknown,unknown,unknown,unknown,acquirer_identity_unresolved,,,,,,,,,,,,,,,,,,,,,,,,
DEAL-BEAM-SUNTOR-2014,2014-01-13,target,BEAM INC,789073,reviewed_manifest_cik,10-K|0001193125-13-076953|2013-02-26;10-Q|0001193125-13-432988|2013-11-07,unknown,yes,unknown,yes,labeled,,,,,,,,0001193125-13-076953,10-K,2013-02-26,Item 10,23524,"Table of Contents . • general economic conditions; . • competitive innovation and marketing pressures, including price; . • changes in consumer preferences and trends; . • financial and integration risks associated with acquisitions, joint ventures, and alliances, as well as potential divestitures; . • the price and availability of raw materials and energy; . • risks associated with doing business",,,,,,,0001193125-13-076953,10-K,2013-02-26,Item 8,171799,"From time to time, we may use derivative contracts to manage our exposure to commodity price volatility. 53 ."
DEAL-BEAM-SUNTOR-2014,2014-01-13,acquirer,Suntory,,"unresolved(candidates=0,with_eligible_annual=0)",,unknown,unknown,unknown,unknown,unknown,acquirer_identity_unresolved,,,,,,,,,,,,,,,,,,,,,,,,
DEAL-CEC-APOLLO-2014,2014-01-16,target,CEC ENTERTAINMENT INC,813920,reviewed_manifest_cik,10-K|0001193125-13-069499|2013-02-21;10-Q|0000813920-13-000042|2013-10-31,yes,yes,unknown,yes,labeled,,0001193125-13-069499,10-K,2013-02-21,Item 1A,40243,"The performance of our stores is affected by changes in the costs for food products we purchase, including but not limited to cheese, dough, produce, chicken and beef.",0001193125-13-069499,10-K,2013-02-21,Item 1A,6469,"Factors that could cause actual results to differ materially from those contemplated by forward-looking statements include, but are not limited to: . • Our ability to successfully implement our strategic plan; . • Competition in both the restaurant and entertainment industries; . • Changes in consumer discretionary spending; . • Impacts on our business and financial results from economic uncertain",,,,,,,0001193125-13-069499,10-K,2013-02-21,Item 1A,22943,"We have not entered into any hedging arrangements to reduce our exposure to commodity price volatility associated with commodity prices; however, we typically enter into short-term purchasing arrangements, which may contain pricing designed to minimize the impact of commodity price fluctuations."
DEAL-CEC-APOLLO-2014,2014-01-16,acquirer,Apollo Global Management,1411494,exact_normalized_name_match,10-K|0001193125-13-087670|2013-03-01;10-Q|0001411494-13-000009|2013-11-12,unknown,yes,unknown,yes,labeled,,,,,,,,0001193125-13-087670,10-K,2013-03-01,Item 11,101687,"Our businesses are materially affected by conditions in the global financial markets and economic conditions throughout the world, such as interest rates, availability of credit, inflation rates, economic uncertainty, changes in laws (including laws relating to taxation), trade barriers, commodity prices, currency exchange rates and controls and national and international political circumstances (",,,,,,,0001193125-13-087670,10-K,2013-03-01,Item 7,127541,"We regularly rely on exemptions from various requirements of the Securities Act, the Exchange Act, the Investment Company Act, the Commodity Futures Trading Commission, the Commodity Exchange Act of 1936, as amended, and the Employment Retirement Income Security Act of 1974, as amended, in conducting our activities."
DEAL-AMCOL-IMERYS-2014,2014-02-12,target,AMCOL INTERNATIONAL CORP,813621,reviewed_manifest_cik,10-K|0001140361-13-016072|2013-04-10;10-Q|0001140361-13-041459|2013-11-08,yes,yes,yes,unknown,labeled,,0001140361-13-016072,10-K,2013-04-10,Item 1,10559,"Thus, we market the product for use in making very large, high integrity, steel alloy castings where the chromite is better suited to withstand the high heat and pressure associated with the casting process.",0001140361-13-016072,10-K,2013-04-10,Item 1,22463,"Our energy services segment provides services to improve the production, costs, compliance, and environmental impact of activities performed in the oil and gas industry.",0001140361-13-016072,10-K,2013-04-10,Item 1A,46021,We use diesel fuel to operate our mining and processing equipment and our freight costs are heavily dependent upon fuel prices and surcharges. 14 .,,,,,,
DEAL-AMCOL-IMERYS-2014,2014-02-12,acquirer,IMERYS SA,,"unresolved(candidates=0,with_eligible_annual=0)",,unknown,unknown,unknown,unknown,unknown,acquirer_identity_unresolved,,,,,,,,,,,,,,,,,,,,,,,,
DEAL-COLE-AMERIC-2014,2014-03-21,target,Cole Credit Property Trust Inc,1289272,reviewed_manifest_cik,10-K|0001289272-13-000004|2013-03-28;10-Q|0001289272-13-000018|2013-11-13,unknown,unknown,unknown,unknown,unknown,no_qualifying_disclosure_in_reviewed_filings,,,,,,,,,,,,,,,,,,,,,,,,
DEAL-COLE-AMERIC-2014,2014-03-21,acquirer,American Realty Capital Properties,1507385,exact_normalized_name_match,10-K|0001507385-14-000004|2014-02-27,unknown,yes,unknown,unknown,labeled,,,,,,,,0001507385-14-000004,10-K,2014-02-27,Item 1A,86880,"These events include, but are not limited to: . • . adverse changes in international, national or local economic and demographic conditions such as the recent global economic downturn; . • . vacancies or our inability to rent space on favorable terms, including possible market pressures to offer tenants rent abatements, tenant improvements, early termination rights or tenant-favorable renewal opti",,,,,,,,,,,,
DEAL-DFC-LONE-2014,2014-04-02,target,DFC GLOBAL CORP.,1271625,reviewed_manifest_cik,10-K|0001193125-13-352311|2013-08-29;10-Q|0001193125-14-043422|2014-02-10,yes,yes,unknown,yes,labeled,,0001193125-13-352311,10-K,2013-08-29,Item 8,32385,"We offer a wide range of consumer financial products and services, and employ different channels to provide those products and services, designed to meet the demands of our customers in each of the markets in which we do business, including unsecured short-term consumer loans, secured pawn lending, check cashing, gold buying and Western Union money transfer services.",0001193125-13-352311,10-K,2013-08-29,Item 7A,302819,"The principal risks of loss arising from adverse changes in market rates and prices to which we and our subsidiaries are exposed relate to: . Ÿ interest rates on revolving credit facilities; . Ÿ foreign exchange rates generating translation gains and losses; and, . Ÿ commodity prices, specifically gold.",,,,,,,0001193125-13-352311,10-K,2013-08-29,Item 7,201004,Derivatives not designated as hedges are not speculative and are used to manage our exposure to commodity price risk but do not meet the strict hedge accounting requirements of the Derivatives and Hedging Topic of the FASB Codification.
DEAL-DFC-LONE-2014,2014-04-02,acquirer,Lone Star Funds,,"unresolved(candidates=0,with_eligible_annual=0)",,unknown,unknown,unknown,unknown,unknown,acquirer_identity_unresolved,,,,,,,,,,,,,,,,,,,,,,,,
DEAL-ZYGO-AMETEK-2014,2014-04-15,target,ZYGO CORP,730716,reviewed_manifest_cik,10-K|0000930413-13-004563|2013-09-13;10-Q|0000930413-14-000859|2014-02-25,unknown,unknown,unknown,unknown,unknown,no_qualifying_disclosure_in_reviewed_filings,,,,,,,,,,,,,,,,,,,,,,,,
DEAL-ZYGO-AMETEK-2014,2014-04-15,acquirer,AMETEK,1037868,exact_normalized_name_match,10-K|0001193125-14-069080|2014-02-26,yes,yes,unknown,yes,labeled,,0001193125-14-069080,10-K,2014-02-26,Item 8,124506,"The primary commodities to which the Company has market exposure are raw material purchases of nickel, aluminum, copper, steel, titanium and gold.",0001193125-14-069080,10-K,2014-02-26,Item 1A,47218,"A shortage of, or price increases for, our raw materials could increase our operating costs.",,,,,,,0001193125-14-069080,10-K,2014-02-26,Item 15,155867,"Forward contracts are entered into from time to time to hedge specific firm commitments for certain inventory purchases, export sales, debt or foreign currency transactions, thereby minimizing the Company’s exposure to raw material commodity price or foreign currency fluctuation."
DEAL-POKERT-MULTIM-2014,2014-04-30,target,"POKERTEK, INC.",1302177,reviewed_manifest_cik,10-K|0001445866-14-000138|2014-03-21,unknown,unknown,yes,unknown,labeled,,,,,,,,,,,,,,0001445866-14-000138,10-K,2014-03-21,Item 1A,44612,"The levels of casino patronage, and therefore our revenues, are affected by a number of factors beyond our control, including: . · . general economic conditions; . · . levels of disposable income of casino patrons; . · . downturn or loss in popularity of the gaming industry in general and table and slot games in particular; . · . the relative popularity of entertainment alternatives to casino gami",,,,,,
DEAL-POKERT-MULTIM-2014,2014-04-30,acquirer,MULTIMEDIA GAMES,896400,exact_normalized_name_match,10-K|0000896400-13-000055|2013-11-14;10-Q|0000896400-14-000008|2014-01-30,unknown,yes,yes,unknown,labeled,,,,,,,,0000896400-13-000055,10-K,2013-11-14,Item 1,105265,"Additionally, higher airfares, gasoline prices, and other costs may adversely affect the number of players visiting our customers' gaming facilities.",0000896400-13-000055,10-K,2013-11-14,Item 1,111186,"Acts of God, adverse weather, and shipping difficulties, particularly with respect to international third-party suppliers, could significantly delay our receipt of such components.",,,,,,
DEAL-BARRY-MRGB-2014,2014-05-02,target,BARRY R G CORP /OH/,749872,reviewed_manifest_cik,10-K|0001193125-13-363944|2013-09-11;10-Q|0000749872-14-000006|2014-02-05,unknown,yes,yes,unknown,labeled,,,,,,,,0001193125-13-363944,10-K,2013-09-11,Item 1A,47817,"Thus, our own costs are subject to fluctuations, particularly due to changes in the cost of raw materials and cost of labor in the locations where our products are manufactured, foreign exchange and interest rates.",0001193125-13-363944,10-K,2013-09-11,Item 1A,44105,"These risks include: . • the impact on product development, sourcing or manufacturing from public health and contamination risks in China or other countries where we obtain or market our products; . • acts of war and terrorism; . • the impact of disease pandemics; . • social and political disturbances and instability and similar events; . • strikes or other labor disputes; . • export duties, impor",,,,,,
DEAL-BARRY-MRGB-2014,2014-05-02,acquirer,MRGB HOLD CO,,"unresolved(candidates=1,with_eligible_annual=0)",,unknown,unknown,unknown,unknown,unknown,acquirer_identity_unresolved,,,,,,,,,,,,,,,,,,,,,,,,
DEAL-MKTG-AEGIS-2014,2014-05-27,target,"'mktg, inc.'",886475,reviewed_manifest_cik,10-K|0001019056-13-000804|2013-06-24;10-Q|0001019056-14-000207|2014-02-14,unknown,unknown,unknown,unknown,unknown,no_qualifying_disclosure_in_reviewed_filings,,,,,,,,,,,,,,,,,,,,,,,,
DEAL-MKTG-AEGIS-2014,2014-05-27,acquirer,Aegis Lifestyle,,"unresolved(candidates=0,with_eligible_annual=0)",,unknown,unknown,unknown,unknown,unknown,acquirer_identity_unresolved,,,,,,,,,,,,,,,,,,,,,,,,
DEAL-HILLSH-TYSON-2014,2014-07-02,target,Hillshire Brands Co,23666,reviewed_manifest_cik,10-K|0000023666-13-000014|2013-08-23;10-Q|0000023666-14-000008|2014-05-06,unknown,yes,unknown,yes,labeled,,,,,,,,0000023666-13-000014,10-K,2013-08-23,Item 15,5277,"This Annual Report on Form 10-K, including the information incorporated herein by reference, contains certain forward-looking statements including without limitation statements about Hillshire Brands’ financial projections for fiscal 2014, expected fluctuations in commodity costs, anticipated savings from our cost reduction and productivity improvement program, our competitive position and our inn",,,,,,,0000023666-13-000014,10-K,2013-08-23,Item 1,12256,We utilize commodity financial derivative instruments and forward purchase contracts to manage our exposure to short-term cost fluctuations.
DEAL-HILLSH-TYSON-2014,2014-07-02,acquirer,TYSON FOODS,100493,exact_normalized_name_match,10-K|0000100493-13-000079|2013-11-18;10-Q|0000100493-14-000054|2014-05-05,yes,yes,yes,yes,labeled,,0000100493-13-000079,10-K,2013-11-18,Item 1,5653,"We produce, distribute and market chicken, beef, pork, prepared foods and related allied products.",0000100493-13-000079,10-K,2013-11-18,Item 1A,29328,"Fluctuations in commodity prices and in the availability of raw materials, especially feed grains, live cattle, live swine and other inputs could negatively impact our earnings.",0000100493-13-000079,10-K,2013-11-18,Item 8,22474,"Our distribution centers accumulate fresh and frozen products so we can fill and consolidate partial-truckload orders into full truckloads, thereby decreasing shipping costs while increasing customer service.",0000100493-13-000079,10-K,2013-11-18,Item 1A,46745,"We use derivative financial instruments to reduce our exposure to various market risks including changes in commodity prices, interest rates and foreign exchange rates."
DEAL-VITACO-KROGER-2014,2014-07-02,target,"Vitacost.com, Inc.",1401688,reviewed_manifest_cik,10-K|0001437749-14-003335|2014-03-04;10-Q|0001437749-14-008400|2014-05-08,unknown,yes,yes,unknown,labeled,,,,,,,,0001437749-14-003335,10-K,2014-03-04,Item 1A,85106,"Consequently, we are subject to risks associated with these carriers, including increased fuel costs, security concerns, labor disputes, union organizing activity and inclement weather.",0001437749-14-003335,10-K,2014-03-04,Item 1A,84562,"We rely on third-party carriers as part of our inventory fulfillment and order delivery processing, and these third parties may fail to meet shipping schedules or requirements, which could damage our reputation and reduce our sales and our margins.",,,,,,
DEAL-VITACO-KROGER-2014,2014-07-02,acquirer,Kroger,56873,exact_normalized_name_match,10-K|0001104659-14-024819|2014-04-01;10-Q|0001104659-14-049599|2014-07-01,unknown,yes,unknown,yes,labeled,,,,,,,,0001104659-14-024819,10-K,2014-04-01,Item 3,24270,"We sell a significant amount of gasoline, which could face increased regulation and demand could be affected by concerns about the effect of emissions on the environment as well as retail price increases.",,,,,,,0001104659-14-024819,10-K,2014-04-01,Item 7A,132234,"We use derivative financial instruments primarily to manage our exposure to fluctuations in interest rates and, to a lesser extent, adverse fluctuations in commodity prices and other market risks."
DEAL-LORILL-IMPERI-2014,2014-07-15,target,"LORILLARD, INC.",1424847,reviewed_manifest_cik,10-K|0001193125-14-062721|2014-02-21;10-Q|0001193125-14-157397|2014-04-24,yes,yes,yes,unknown,labeled,,0001193125-14-062721,10-K,2014-02-21,Item 1,10579,"In addition to the Newport brand, our product line has four additional brand families marketed under the Kent, True, Maverick, and Old Gold brand names.",0001193125-14-062721,10-K,2014-02-21,Item 15,8622,"Table of Contents . • the risk of fire, violent weather, disasters or other interruptions adversely affecting our supply chain, including our and our suppliers’ production, storage and other facilities; . • changes in the price, quality or quantity of tobacco leaf and other raw materials available for use in our cigarettes; . • reliance on a limited number of suppliers for certain raw materials; .",0001193125-14-062721,10-K,2014-02-21,Item 1A,196470,"Gross profit and gross profit margin for the year ended December 31, 2013 were negatively impacted by the change in product offering arising from the introduction of our new, lower priced rechargeable kit that began shipping to wholesale late in the second quarter of 2013 as well as higher promotional costs.",,,,,,
DEAL-LORILL-IMPERI-2014,2014-07-15,acquirer,Imperial,,"unresolved(candidates=0,with_eligible_annual=0)",,unknown,unknown,unknown,unknown,unknown,acquirer_identity_unresolved,,,,,,,,,,,,,,,,,,,,,,,,
DEAL-REYNOL-IMPERI-2014,2014-07-16,target,REYNOLDS AMERICAN INC,1275283,reviewed_manifest_cik,10-K|0001193125-14-044598|2014-02-11;10-Q|0001193125-14-153912|2014-04-23,unknown,unknown,unknown,unknown,unknown,no_qualifying_disclosure_in_reviewed_filings,,,,,,,,,,,,,,,,,,,,,,,,
DEAL-REYNOL-IMPERI-2014,2014-07-16,acquirer,Imperial,,"unresolved(candidates=0,with_eligible_annual=0)",,unknown,unknown,unknown,unknown,unknown,acquirer_identity_unresolved,,,,,,,,,,,,,,,,,,,,,,,,
DEAL-SYMMET-TECOST-2014,2014-08-04,target,Symmetry Medical Inc.,1292055,reviewed_manifest_cik,10-K|0001292055-14-000004|2014-03-10;10-Q|0001292055-14-000006|2014-05-02,yes,yes,unknown,unknown,labeled,,0001292055-14-000004,10-K,2014-03-10,Item 1,47401,"We produce a wide range of plastic, metal and hybrid cases used in over 25 medical device markets, including orthopedic, spinal, arthroscopy, osteobiologic, endoscopy, cardiovascular, dental, ophthalmology, diagnostic imaging and ear, nose and throat surgical procedures.",0001292055-14-000004,10-K,2014-03-10,Item 1A,116201,"The implementation of these requirements could affect the pricing, sourcing and availability of minerals used in certain of our products, disrupt our supply of raw materials, or adversely impact the price that we pay for certain raw materials.",,,,,,,,,,,,
DEAL-SYMMET-TECOST-2014,2014-08-04,acquirer,TECOSTAR HOLDINGS,,"unresolved(candidates=1,with_eligible_annual=0)",,unknown,unknown,unknown,unknown,unknown,acquirer_identity_unresolved,,,,,,,,,,,,,,,,,,,,,,,,
DEAL-INTERM-ROCHE-2014,2014-08-25,target,INTERMUNE INC,1087432,reviewed_manifest_cik,10-K|0001564590-14-000315|2014-02-24;10-Q|0001564590-14-003337|2014-08-07,unknown,unknown,yes,unknown,labeled,,,,,,,,,,,,,,0001564590-14-000315,10-K,2014-02-24,Item 1,254233,We include shipping and handling costs in cost of goods sold.,,,,,,
DEAL-INTERM-ROCHE-2014,2014-08-25,acquirer,Roche,,"unresolved(candidates=0,with_eligible_annual=0)",,unknown,unknown,unknown,unknown,unknown,acquirer_identity_unresolved,,,,,,,,,,,,,,,,,,,,,,,,
DEAL-BOLT-TELEDY-2014,2014-09-03,target,BOLT TECHNOLOGY CORP,354655,reviewed_manifest_cik,10-K|0001144204-13-050613|2013-09-13;10-Q|0001144204-14-028474|2014-05-08,unknown,yes,unknown,yes,labeled,,,,,,,,0001144204-13-050613,10-K,2013-09-13,Item 1A,28777,"Volatility of crude oil and natural gas prices, which is affected by factors outside of our control, affects demand for our seismic data acquisition products.",,,,,,,0001144204-13-050613,10-K,2013-09-13,Item 7A,89377,"The Company is not subject to any material market risks associated with activities in derivative financial instruments, other financial instruments or derivative commodity instruments."
DEAL-BOLT-TELEDY-2014,2014-09-03,acquirer,Teledyne,,"unresolved(candidates=1,with_eligible_annual=0)",,unknown,unknown,unknown,unknown,unknown,acquirer_identity_unresolved,,,,,,,,,,,,,,,,,,,,,,,,
DEAL-TRW-ZFFRIE-2014,2014-09-15,target,TRW AUTOMOTIVE HOLDINGS CORP,1267097,reviewed_manifest_cik,10-K|0001047469-14-000925|2014-02-14;10-Q|0001047469-14-006479|2014-07-29,unknown,yes,unknown,yes,labeled,,,,,,,,0001047469-14-000925,10-K,2014-02-14,Item 1,18841,"However, when costs increase, it is generally difficult to pass the full extent of increased prices for manufactured components and raw materials through to our customers in the form of price increases and, even if passed through to some extent, the recovery is typically on a delayed basis.",,,,,,,0001047469-14-000925,10-K,2014-02-14,Item 7A,161635,"We manage foreign currency exchange rate risk, interest rate risk and, to a lesser extent, commodity price risk by utilizing various derivative instruments."
DEAL-TRW-ZFFRIE-2014,2014-09-15,acquirer,ZF Friedrichshafen,,"unresolved(candidates=1,with_eligible_annual=0)",,unknown,unknown,unknown,unknown,unknown,acquirer_identity_unresolved,,,,,,,,,,,,,,,,,,,,,,,,
DEAL-TAMINC-EASTMA-2014,2014-09-16,target,TAMINCO Corp,1547063,reviewed_manifest_cik,10-K|0001193125-14-076514|2014-02-28;10-Q|0001547063-14-000018|2014-08-07,yes,yes,unknown,yes,labeled,,0001193125-14-076514,10-K,2014-02-28,Item 1,31794,"We serve this end-market mainly through our Specialty Amines segment, which mainly produces feed additives based on choline chloride, a vitamin commonly incorporated into feed for poultry and swine that helps achieve higher feed conversion yields while reducing animal morbidity.",0001193125-14-076514,10-K,2014-02-28,Item 15,7097,"Factors that may materially affect such forward-looking statements and projections include: . • increases in energy costs, in particular natural gas costs, or a disruption in the supply of energy for our operations; . • the price and availability of raw materials, energy and equipment, and our ability to pass on increased costs to customers; . • loss of major customers; . • commercial viability of",,,,,,,0001193125-14-076514,10-K,2014-02-28,Item 1,28914,"We believe the personal & home care industry will grow strongly over the near term driven by many factors, including increasing demand from emerging markets such as Asia, as purchasing power among a growing middle class in these regions continues to advance; product innovation designed to meet the diverse range of needs of different consumers; and an increased focus on environmental sustainability"
DEAL-TAMINC-EASTMA-2014,2014-09-16,acquirer,Eastman Chemical Company,915389,exact_normalized_name_match,10-K|0000915389-14-000013|2014-02-28;10-Q|0000915389-14-000057|2014-07-30,unknown,yes,unknown,yes,labeled,,,,,,,,0000915389-14-000013,10-K,2014-02-28,Item 8,59169,"When appropriate, the Company purchases raw materials from a single source supplier to maximize quality and cost improvements, and has developed contingency plans designed to minimize the potential impact of any supply disruptions from single source suppliers.",,,,,,,0000915389-14-000013,10-K,2014-02-28,Item 8,246942,"The Company expects that market prices for commodity products and raw material and energy costs will continue to be volatile, and the Company will continue to use pricing and hedging strategies to mitigate this volatility."
DEAL-SIGMA-MERCK-2014,2014-09-22,target,SIGMA ALDRICH CORP,90185,reviewed_manifest_cik,10-K|0000090185-14-000028|2014-02-06;10-Q|0000090185-14-000116|2014-07-24,unknown,yes,yes,unknown,labeled,,,,,,,,0000090185-14-000028,10-K,2014-02-06,Item 1A,52624,"If any of our key third party providers were to experience a significant disruption in services such that any of our products, components or raw materials could not be delivered in a timely fashion, our costs may increase and our relationships with certain customers may be adversely affected.",0000090185-14-000028,10-K,2014-02-06,Item 1A,64521,"Our sales and earnings could be adversely affected by a variety of factors resulting from our international operations, including, without limitation: . • . future fluctuations in foreign currency exchange rates; . • . complex regulatory requirements and changes in those requirements; . • . trade protection measures, tariffs, royalties or taxes, and import or export licensing requirements or restr",,,,,,
DEAL-SIGMA-MERCK-2014,2014-09-22,acquirer,Merck KGaA,,"unresolved(candidates=1,with_eligible_annual=0)",,unknown,unknown,unknown,unknown,unknown,acquirer_identity_unresolved,,,,,,,,,,,,,,,,,,,,,,,,
DEAL-TIBCO-VISTA-2014,2014-09-29,target,TIBCO SOFTWARE INC,1085280,reviewed_manifest_cik,10-K|0001085280-14-000020|2014-01-29;10-Q|0001085280-14-000146|2014-07-10,unknown,unknown,unknown,unknown,unknown,no_qualifying_disclosure_in_reviewed_filings,,,,,,,,,,,,,,,,,,,,,,,,
DEAL-TIBCO-VISTA-2014,2014-09-29,acquirer,VISTA EQUITY PARTNERS,,"unresolved(candidates=0,with_eligible_annual=0)",,unknown,unknown,unknown,unknown,unknown,acquirer_identity_unresolved,,,,,,,,,,,,,,,,,,,,,,,,
DEAL-EINSTE-JAB-2014,2014-09-29,target,EINSTEIN NOAH RESTAURANT GROUP INC,949373,reviewed_manifest_cik,10-K|0001193125-14-073832|2014-02-28;10-Q|0001193125-14-290058|2014-08-01,unknown,yes,unknown,yes,labeled,,,,,,,,0001193125-14-073832,10-K,2014-02-28,Item 8,21805,"In an effort to mitigate the risk of increasing market prices, we utilize a third party advisor to manage our wheat purchases.",,,,,,,0001193125-14-073832,10-K,2014-02-28,Item 8,22050,"As of December 31, 2013, we have secured price protection on all of our wheat futures for fiscal 2014."
DEAL-EINSTE-JAB-2014,2014-09-29,acquirer,JAB Holding Company,,"unresolved(candidates=0,with_eligible_annual=0)",,unknown,unknown,unknown,unknown,unknown,acquirer_identity_unresolved,,,,,,,,,,,,,,,,,,,,,,,,
DEAL-CLECO-COMO-2014,2014-10-20,target,CLECO CORP,1089819,reviewed_manifest_cik,10-K|0001089819-14-000006|2014-02-25;10-Q|0001089819-14-000028|2014-07-30,unknown,unknown,unknown,unknown,unknown,no_qualifying_disclosure_in_reviewed_filings,,,,,,,,,,,,,,,,,,,,,,,,
DEAL-CLECO-COMO-2014,2014-10-20,acquirer,COMO 1 L.P,,"unresolved(candidates=0,with_eligible_annual=0)",,unknown,unknown,unknown,unknown,unknown,acquirer_identity_unresolved,,,,,,,,,,,,,,,,,,,,,,,,
DEAL-DIGITA-INVEST-2014,2014-10-24,target,DIGITAL RIVER INC /DE,1062530,reviewed_manifest_cik,10-K|0001047469-14-001488|2014-02-27;10-Q|0001558370-14-000081|2014-08-01,unknown,unknown,unknown,unknown,unknown,no_qualifying_disclosure_in_reviewed_filings,,,,,,,,,,,,,,,,,,,,,,,,
DEAL-DIGITA-INVEST-2014,2014-10-24,acquirer,Siris Capital Group,,"unresolved(candidates=1,with_eligible_annual=0)",,unknown,unknown,unknown,unknown,unknown,acquirer_identity_unresolved,,,,,,,,,,,,,,,,,,,,,,,,
DEAL-CHYRON-VECTOR-2014,2014-11-17,target,ChyronHego Corp,20232,reviewed_manifest_cik,10-K|0000020232-14-000009|2014-03-14;10-Q|0001437749-14-020702|2014-11-14,unknown,unknown,yes,unknown,labeled,,,,,,,,,,,,,,0000020232-14-000009,10-K,2014-03-14,Item 7,60044,"Accordingly, our operations and revenues are subject to a number of risks associated with foreign commerce, including the following: . · . managing foreign dealers and foreign customers, which may be state corporations or government agencies; . · . differing local product preferences and product requirements; . · . difficulty in staffing, training and managing foreign operations; . · . differing l",,,,,,
DEAL-CHYRON-VECTOR-2014,2014-11-17,acquirer,Vector Capital,,"unresolved(candidates=3,with_eligible_annual=0)",,unknown,unknown,unknown,unknown,unknown,acquirer_identity_unresolved,,,,,,,,,,,,,,,,,,,,,,,,
DEAL-OPLINK-KOCH-2014,2014-11-19,target,OPLINK COMMUNICATIONS INC,1022225,reviewed_manifest_cik,10-K|0001022225-14-000037|2014-09-15;10-Q|0001022225-14-000049|2014-11-07,unknown,yes,unknown,unknown,labeled,,,,,,,,0001022225-14-000037,10-K,2014-09-15,Item 1,7486,"Our products enable greater and higher quality bandwidth over longer distances, which reduce network congestion, transmission costs and energy consumption per bit.",,,,,,,,,,,,
DEAL-OPLINK-KOCH-2014,2014-11-19,acquirer,KOCH INDUSTRIES,,"unresolved(candidates=1,with_eligible_annual=0)",,unknown,unknown,unknown,unknown,unknown,acquirer_identity_unresolved,,,,,,,,,,,,,,,,,,,,,,,,
DEAL-AVANIR-OTSUKA-2014,2014-12-02,target,"AVANIR PHARMACEUTICALS, INC.",858803,reviewed_manifest_cik,10-K|0001193125-13-468821|2013-12-11;10-Q|0001193125-14-298755|2014-08-07,unknown,unknown,unknown,unknown,unknown,no_qualifying_disclosure_in_reviewed_filings,,,,,,,,,,,,,,,,,,,,,,,,
DEAL-AVANIR-OTSUKA-2014,2014-12-02,acquirer,OTSUKA PHARMACEUTICAL,,"unresolved(candidates=1,with_eligible_annual=0)",,unknown,unknown,unknown,unknown,unknown,acquirer_identity_unresolved,,,,,,,,,,,,,,,,,,,,,,,,
DEAL-MICROF-FORTRE-2014,2014-12-16,target,MICROFINANCIAL INC,827230,reviewed_manifest_cik,10-K|0001193125-14-123850|2014-03-31;10-Q|0000827230-14-000005|2014-11-14,unknown,unknown,unknown,unknown,unknown,no_qualifying_disclosure_in_reviewed_filings,,,,,,,,,,,,,,,,,,,,,,,,
DEAL-MICROF-FORTRE-2014,2014-12-16,acquirer,Fortress Investment Group LLC,1380393,exact_normalized_name_match,10-K|0001380393-14-000005|2014-02-27;10-Q|0001380393-14-000013|2014-10-30,unknown,yes,unknown,yes,labeled,,,,,,,,0001380393-14-000005,10-K,2014-02-27,Item 1A,185105,"The control of voting power by our principals could deprive Class A shareholders of an opportunity to receive a premium for their Class A shares as part of a sale of our company, and might ultimately affect the market price of the Class A shares.",,,,,,,0001380393-14-000005,10-K,2014-02-27,Item 1A,135049,Our liquid hedge fund redemptions for 2012 include $0.7 billion of capital returned to investors in the Fortress Commodities Funds which closed in the second quarter of 2012 .
DEAL-PEERLE-MOBIUS-2014,2014-12-24,target,PEERLESS SYSTEMS CORP,897893,reviewed_manifest_cik,10-K|0001437749-14-007578|2014-04-30;10-Q|0001437749-14-022075|2014-12-15,unknown,unknown,unknown,unknown,unknown,no_qualifying_disclosure_in_reviewed_filings,,,,,,,,,,,,,,,,,,,,,,,,
DEAL-PEERLE-MOBIUS-2014,2014-12-24,acquirer,"Mobius Acquisition, LLC",,"unresolved(candidates=1,with_eligible_annual=0)",,unknown,unknown,unknown,unknown,unknown,acquirer_identity_unresolved,,,,,,,,,,,,,,,,,,,,,,,,
DEAL-SILICO-LATTIC-2015,2015-01-27,target,SILICON IMAGE INC,1003214,reviewed_manifest_cik,10-K|0001564590-14-000318|2014-02-24;10-Q|0001003214-14-000032|2014-11-07,unknown,yes,yes,unknown,labeled,,,,,,,,0001564590-14-000318,10-K,2014-02-24,Item 15,101851,"These risks include, but are not limited to: . · . political, social and economic instability; . · . the operational challenges of conducting our business in several geographic regions around the world, especially in the face of different business practices, social norms and legal standards that differ from those to which we are accustomed and held to as a publicly traded company in the United Sta",0001564590-14-000318,10-K,2014-02-24,Item 15,101851,"These risks include, but are not limited to: . · . political, social and economic instability; . · . the operational challenges of conducting our business in several geographic regions around the world, especially in the face of different business practices, social norms and legal standards that differ from those to which we are accustomed and held to as a publicly traded company in the United Sta",,,,,,
DEAL-SILICO-LATTIC-2015,2015-01-27,acquirer,Lattice Semiconductor Corporation,855658,exact_normalized_name_match,10-K|0000855658-14-000036|2014-03-11;10-Q|0000855658-14-000184|2014-11-05,unknown,yes,yes,unknown,labeled,,,,,,,,0000855658-14-000036,10-K,2014-03-11,Item 1A,62999,"Adverse economic conditions may negatively affect customer demand for our products and services and result in delayed or decreased spending amid concerns over declining asset values, inflation, volatility in energy costs, geopolitical issues, the availability and cost of credit, rising unemployment, and the stability and solvency of financial institutions, financial markets, businesses and soverei",0000855658-14-000036,10-K,2014-03-11,Item 1A,69872,"Table of Contents . adequate yields or timely delivery; disruption or defects in assembly, test or shipping services; or delays in stabilizing manufacturing processes or ramping up volume for new products, our operations and operating results may be adversely affected.",,,,,,
DEAL-ATHLON-ENCANA-2014,2014-10-02,target,Athlon Energy Inc.,1574648,reviewed_manifest_cik,10-K|0001047469-14-001993|2014-03-07;10-Q|0001104659-14-061050|2014-08-14,yes,yes,yes,yes,labeled,,0001047469-14-001993,10-K,2014-03-07,Item 15,6469,"Expenditures to obtain access to proved reserves and to construct facilities for producing, treating, and storing hydrocarbons. • Development well.",0001047469-14-001993,10-K,2014-03-07,Item 8,58039,"We employ petroleum engineers, geologists, and land professionals who work to improve production rates, increase reserves, and lower the cost of operating our oil and natural gas properties.",0001047469-14-001993,10-K,2014-03-07,Item 1A,123189,"Shortages of drilling rigs, equipment, raw materials (particularly sand and other proppants), supplies, drilling rig crews and other personnel, trucking services, tubulars, fracking and completion services, and production equipment, including equipment and personnel related to horizontal drilling activities, could delay or restrict our exploration and development operations, which in turn could im",0001047469-14-001993,10-K,2014-03-07,Item 1A,123946,"Historically, oil and natural gas prices have been volatile and are subject to fluctuations in response to changes in supply and demand, market uncertainty, and a variety of additional factors that are beyond our control, including: . • the regional, domestic, and foreign supply of oil and natural gas; . • the level of commodity prices and expectations about future commodity prices; . • the level "
DEAL-ATHLON-ENCANA-2014,2014-10-02,acquirer,ENCANA CORPORATION,1157806,exact_normalized_name_match,40-F|0001104659-14-011733|2014-02-20,yes,yes,unknown,yes,labeled,,0001104659-14-011733,40-F,2014-02-20,pre-Item (cover/intro),16726,"In March of 2012, Encana completed the remainder of the sale and received additional proceeds of $114 million. · Entered into deep cut processing arrangements, which allow the Company to extract additional NGL volumes from its natural gas streams starting in 2012 at the Musreau plant in Bighorn and Gordondale plant in Peace River Arch.",0001104659-14-011733,40-F,2014-02-20,pre-Item (cover/intro),92149,Fluctuations in natural gas or liquids prices could have an adverse effect on the Company’s operations and financial condition and the value and amount of its reserves.,,,,,,,0001104659-14-011733,40-F,2014-02-20,pre-Item (cover/intro),116408,"The Company monitors its exposure to such fluctuations and, where the Company deems it appropriate, utilizes derivative financial instruments and physical delivery contracts to mitigate the potential impact of declines in natural gas and liquids prices."
DEAL-ELECSY-LINDSA-2014,2014-11-04,target,ELECSYS CORP,914398,reviewed_manifest_cik,10-K|0001171843-14-003243|2014-07-14;10-Q|0001171843-14-004236|2014-09-08,unknown,unknown,yes,unknown,labeled,,,,,,,,,,,,,,0001171843-14-003243,10-K,2014-07-14,Item 8,91522,Shipping and handling costs that are billed to the Company’s customers are recognized as sales in the period that the product is shipped.,,,,,,
DEAL-ELECSY-LINDSA-2014,2014-11-04,acquirer,Lindsay,836157,exact_normalized_name_match,10-K|0001193125-14-372388|2014-10-15,yes,yes,yes,unknown,labeled,,0001193125-14-372388,10-K,2014-10-15,Item 1,23706,"Other Products – The Company’s Diversified Manufacturing and Tubing business unit manufactures and markets large diameter steel tubing and railroad signals and structures, and provides outsourced manufacturing and production services for other companies.",0001193125-14-372388,10-K,2014-10-15,Item 1A,39644,"The Company’s profitability may be negatively affected by increases in the cost of raw materials, as well as in the cost of energy.",0001193125-14-372388,10-K,2014-10-15,Item 1A,64862,Shipping and handling costs incurred by the Company are included in cost of sales.,,,,,,
DEAL-ENTROP-MAXLIN-2015,2015-02-03,target,ENTROPIC COMMUNICATIONS INC,1227930,reviewed_manifest_cik,10-K|0001227930-14-000008|2014-02-24;10-Q|0001227930-14-000039|2014-11-10,unknown,yes,yes,unknown,labeled,,,,,,,,0001227930-14-000008,10-K,2014-02-24,Item 1A,112838,"We may also experience adverse conditions in our cost base due to changes in foreign currency exchange rates that reduce the purchasing power of the U.S. dollar, increase research and development expenses and otherwise harm our business.",0001227930-14-000008,10-K,2014-02-24,Item 1A,244269,"To a lesser extent, cost of net revenues includes expenses relating to management of our contractors, the cost of shipping and logistics, royalties, inventory valuation charges taken for excess and obsolete inventory, warranty costs, changes in product cost due to changes in wafer manufacturing, assembly and test yields, allocated facilities expenses and amortization of acquired developed technolo",,,,,,
DEAL-ENTROP-MAXLIN-2015,2015-02-03,acquirer,MaxLinear,1288469,exact_normalized_name_match,10-K|0001288469-14-000003|2014-02-07;10-Q|0001288469-14-000032|2014-10-30,unknown,yes,yes,unknown,labeled,,,,,,,,0001288469-14-000003,10-K,2014-02-07,Item 1,29983,"By doing so, we will be able to deliver products with lower power consumption, superior performance and increased cost benefits to system designers and service providers.",0001288469-14-000003,10-K,2014-02-07,Item 7,179296,"Cost of net revenue includes the cost of finished silicon wafers processed by third-party foundries; costs associated with our outsourced packaging and assembly, test and shipping; costs of personnel, including stock-based compensation, and equipment associated with manufacturing support, logistics and quality assurance; amortization of certain production mask costs; cost of production load boards",,,,,,
DEAL-E2OPEN-INSIGH-2015,2015-02-05,target,E2open Inc,1540400,reviewed_manifest_cik,10-K|0001193125-14-180553|2014-05-05;10-Q|0001193125-15-005393|2015-01-09,unknown,unknown,unknown,unknown,unknown,no_qualifying_disclosure_in_reviewed_filings,,,,,,,,,,,,,,,,,,,,,,,,
DEAL-E2OPEN-INSIGH-2015,2015-02-05,acquirer,Insight,,"unresolved(candidates=0,with_eligible_annual=0)",,unknown,unknown,unknown,unknown,unknown,acquirer_identity_unresolved,,,,,,,,,,,,,,,,,,,,,,,,
DEAL-ORBITZ-EXPEDI-2015,2015-02-13,target,"Orbitz Worldwide, Inc.",1394159,reviewed_manifest_cik,10-K|0001394159-14-000085|2014-03-06;10-Q|0001394159-14-000224|2014-11-06,unknown,yes,unknown,unknown,labeled,,,,,,,,0001394159-14-000085,10-K,2014-03-06,Item 1A,57558,"Factors that could affect travel activity and materially adversely impact our results of operations, business and revenue include: . • . deterioration, weakness or uncertainty in the global economy; . • . global security issues, political instability, acts or threats of terrorism, regional hostilities or war, and other political issues that could adversely affect travel volume in our key regions; ",,,,,,,,,,,,
DEAL-ORBITZ-EXPEDI-2015,2015-02-13,acquirer,"Expedia, Inc",1324424,exact_normalized_name_match,10-K|0001193125-15-035706|2015-02-06,unknown,unknown,unknown,unknown,unknown,no_qualifying_disclosure_in_reviewed_filings,,,,,,,,,,,,,,,,,,,,,,,,
DEAL-SAPIEN-PUBLIC-2014,2014-11-03,target,SAPIENT CORP,1008817,reviewed_manifest_cik,10-K|0001193125-14-104549|2014-03-18;10-Q|0001008817-14-000008|2014-08-06,unknown,unknown,unknown,unknown,unknown,no_qualifying_disclosure_in_reviewed_filings,,,,,,,,,,,,,,,,,,,,,,,,
DEAL-SAPIEN-PUBLIC-2014,2014-11-03,acquirer,PUBLICIS GROUPE S.A,,"unresolved(candidates=0,with_eligible_annual=0)",,unknown,unknown,unknown,unknown,unknown,acquirer_identity_unresolved,,,,,,,,,,,,,,,,,,,,,,,,
DEAL-RIVERB-PROJEC-2014,2014-12-15,target,"Riverbed Technology, Inc.",1357326,reviewed_manifest_cik,10-K|0001357326-14-000005|2014-02-14;10-Q|0001357326-14-000027|2014-10-31,unknown,yes,yes,unknown,labeled,,,,,,,,0001357326-14-000005,10-K,2014-02-14,Item 1A,60785,"In addition, any increase in worldwide commodity prices may result in higher component prices and increased shipping costs, both of which may negatively impact our financial results.",0001357326-14-000005,10-K,2014-02-14,Item 1A,60785,"In addition, any increase in worldwide commodity prices may result in higher component prices and increased shipping costs, both of which may negatively impact our financial results.",,,,,,
DEAL-RIVERB-PROJEC-2014,2014-12-15,acquirer,PROJECT HOMESTAKE HOLDINGS,,"unresolved(candidates=0,with_eligible_annual=0)",,unknown,unknown,unknown,unknown,unknown,acquirer_identity_unresolved,,,,,,,,,,,,,,,,,,,,,,,,
DEAL-ADVENT-SSCTEC-2015,2015-02-03,target,ADVENT SOFTWARE INC /DE/,1002225,reviewed_manifest_cik,10-K|0001047469-14-001313|2014-02-25;10-Q|0001104659-14-078400|2014-11-07,unknown,yes,unknown,unknown,labeled,,,,,,,,0001047469-14-001313,10-K,2014-02-25,Item 1A,74039,"Table of Contents . many factors, including declines in economic growth, business activity or investor or business confidence; limitation on the availability or increases in the cost of credit or capital; increases in inflation, interest rates, exchange rate volatility, default rates or the price of basic commodities; corporate, political or other scandals that reduce investor confidence in capita",,,,,,,,,,,,
DEAL-ADVENT-SSCTEC-2015,2015-02-03,acquirer,SS&C Technologies,,"unresolved(candidates=1,with_eligible_annual=0)",,unknown,unknown,unknown,unknown,unknown,acquirer_identity_unresolved,,,,,,,,,,,,,,,,,,,,,,,,
DEAL-SALIX-VALEAN-2015,2015-02-23,target,SALIX PHARMACEUTICALS LTD,1009356,reviewed_manifest_cik,10-K|0001193125-14-076204|2014-02-28;10-Q|0001193125-14-402053|2014-11-07,unknown,unknown,yes,unknown,labeled,,,,,,,,,,,,,,0001193125-14-076204,10-K,2014-02-28,Item 15,443531,The Company does not charge its customers for freight costs.,,,,,,
DEAL-SALIX-VALEAN-2015,2015-02-23,acquirer,VALEANT PHARMACEUTICALS INTERNATIONAL,885590,exact_normalized_name_match,10-K|0000885590-14-000025|2014-02-28;10-Q|0000885590-14-000073|2014-10-24,unknown,yes,unknown,unknown,labeled,,,,,,,,0000885590-14-000025,10-K,2014-02-28,Item 15,55592,"Any disruption in the supply of any such active pharmaceutical ingredient or other raw material or an increase in the cost of such material could adversely impact our ability to manufacture such products, the ability of our third party manufacturers to supply us with such products, or our profitability.",,,,,,,,,,,,
DEAL-INFORM-ITALIC-2015,2015-04-07,target,INFORMATICA CORP,1080099,reviewed_manifest_cik,10-K|0001080099-15-000006|2015-02-26,unknown,unknown,yes,unknown,labeled,,,,,,,,,,,,,,0001080099-15-000006,10-K,2015-02-26,Item 15,299022,Shipping and handling costs in connection with our packaged software products are not material and are expensed as incurred in cost of software revenues in the Company's consolidated statements of income.,,,,,,
DEAL-INFORM-ITALIC-2015,2015-04-07,acquirer,Italics Inc,,"unresolved(candidates=0,with_eligible_annual=0)",,unknown,unknown,unknown,unknown,unknown,acquirer_identity_unresolved,,,,,,,,,,,,,,,,,,,,,,,,
DEAL-EXCEL-BLACKS-2015,2015-04-10,target,"Excel Trust, Inc.",1478950,reviewed_manifest_cik,10-K|0001193125-15-070428|2015-03-02,unknown,yes,unknown,unknown,labeled,,,,,,,,0001193125-15-070428,10-K,2015-03-02,Item 1A,43166,"General economic factors that are beyond our control, including, but not limited to, decreases in consumer confidence, reductions in consumer credit availability, increasing consumer debt levels, rising energy costs, tax rates, increasing business layoffs, downsizing and industry slowdowns, and/or rising inflation, could have a negative impact on the business of our tenants.",,,,,,,,,,,,
DEAL-EXCEL-BLACKS-2015,2015-04-10,acquirer,Blackstone,1393818,exact_normalized_name_match,10-K|0001193125-15-069653|2015-02-27,unknown,yes,unknown,yes,labeled,,,,,,,,0001193125-15-069653,10-K,2015-02-27,Item 1A,83851,"Our business is materially affected by conditions in the global financial markets and economic conditions or events throughout the world that are outside our control, including but not limited to changes in interest rates, availability of credit, inflation rates, economic uncertainty, changes in laws (including laws relating to taxation), trade barriers, commodity prices, currency exchange rates a",,,,,,,0001193125-15-069653,10-K,2015-02-27,Item 13,140127,"As expected, we were not among them. • On December 18, 2014, the FSOC released a notice seeking public comment on the potential risks posed by aspects of the asset management industry, including whether asset management products and activities may pose potential risks to the U.S. financial system in the areas of liquidity and redemptions, leverage, operational functions, and resolution, or in othe"
DEAL-DOVER-WEBSTE-2015,2015-04-14,target,DOVER SADDLERY INC,1071625,reviewed_manifest_cik,10-K|0001104659-15-024622|2015-03-31,unknown,yes,yes,unknown,labeled,,,,,,,,0001104659-15-024622,10-K,2015-03-31,Item 9A,68221,"Continued and potentially increased volatility, instability and economic weakness, together with political instability in emerging markets and potential higher energy and fuels costs and a resulting decrease in discretionary consumer and business spending may result in a reduction in our revenues.",0001104659-15-024622,10-K,2015-03-31,Item 9A,63015,"In addition, if our continuing competitors reduce their prices and continue free shipping practices, we may have to reduce our prices in order to compete.",,,,,,
DEAL-DOVER-WEBSTE-2015,2015-04-14,acquirer,Webster Capital,,"unresolved(candidates=0,with_eligible_annual=0)",,unknown,unknown,unknown,unknown,unknown,acquirer_identity_unresolved,,,,,,,,,,,,,,,,,,,,,,,,
DEAL-PROCER-FRANCI-2015,2015-04-22,target,"PROCERA NETWORKS, INC.",1165231,reviewed_manifest_cik,10-K|0001140361-15-011624|2015-03-13,unknown,unknown,yes,unknown,labeled,,,,,,,,,,,,,,0001140361-15-011624,10-K,2015-03-13,Item 15,284082,The Company includes shipping and handling costs associated with inbound and outbound freight in costs of goods sold.,,,,,,
DEAL-PROCER-FRANCI-2015,2015-04-22,acquirer,Francisco Partners,,"unresolved(candidates=1,with_eligible_annual=0)",,unknown,unknown,unknown,unknown,unknown,acquirer_identity_unresolved,,,,,,,,,,,,,,,,,,,,,,,,
DEAL-OMNIVI-HUA-2015,2015-04-30,target,OMNIVISION TECHNOLOGIES INC,1106851,reviewed_manifest_cik,10-K|0001047469-14-005950|2014-06-30;10-Q|0001104659-15-017764|2015-03-06,unknown,yes,unknown,unknown,labeled,,,,,,,,0001047469-14-005950,10-K,2014-06-30,Item 1A,47561,"As device manufacturers become increasingly aware of the numerous advantages associated with single chip CMOS image sensor solutions, such as high image quality, accelerated time to market, efficient design and manufacturability, smaller size, lower power consumption and reduced cost, we believe these markets offer significant additional opportunities for mass-market applications for CMOS image se",,,,,,,,,,,,
DEAL-OMNIVI-HUA-2015,2015-04-30,acquirer,HUA CAPITAL MANAGEMENT,,"unresolved(candidates=0,with_eligible_annual=0)",,unknown,unknown,unknown,unknown,unknown,acquirer_identity_unresolved,,,,,,,,,,,,,,,,,,,,,,,,
DEAL-BORDER-PITNEY-2015,2015-05-06,target,"Borderfree, Inc.",1277141,reviewed_manifest_cik,10-K|0001628280-15-001173|2015-02-27,unknown,yes,yes,unknown,labeled,,,,,,,,0001628280-15-001173,10-K,2015-02-27,Item 1A,100534,"Shortages of transportation vessels, transportation disruptions or other adverse conditions in the transportation industry due to shortages of truck drivers, strikes, slowdowns, piracy, terrorism, disruptions in rail service, closures of shipping routes, unavailability of ports and port service for other reasons, increases in fuel prices and adverse weather conditions could increase our costs and ",0001628280-15-001173,10-K,2015-02-27,Item 7,21345,"For example, using our platform retailers can create and manage country specific pricing rules that optimize landed cost for conversion by adding margin into product prices to offset the cost of any combination of any shipping, duty or value added tax related promotions at checkout.",,,,,,
DEAL-BORDER-PITNEY-2015,2015-05-06,acquirer,Pitney Bowes Inc,,"unresolved(candidates=0,with_eligible_annual=0)",,unknown,unknown,unknown,unknown,unknown,acquirer_identity_unresolved,,,,,,,,,,,,,,,,,,,,,,,,
DEAL-QUALIT-FUNDS-2015,2015-05-07,target,QUALITY DISTRIBUTION INC,922863,reviewed_manifest_cik,10-K|0001193125-15-090590|2015-03-13,yes,yes,yes,unknown,labeled,,0001193125-15-090590,10-K,2015-03-13,Item 1,22194,"Our subsidiary, QCER, services the UCO&G market through the transportation of crude oil, flowback and produced brine water, fresh water and the disposal of flowback and produced brine water, as well as providing services ancillary to these activities.",0001193125-15-090590,10-K,2015-03-13,Item 1A,9180,"Some of these factors include: . • the effect of local, national and international economic, credit, capital and labor market conditions on the economy in general, and on the particular industries in which we operate, including capacity challenges in the industry, changes in fuel and insurance prices, interest rate fluctuations, and downturns in customers’ business cycles and shipping requirements",0001193125-15-090590,10-K,2015-03-13,Item 1A,9180,"Some of these factors include: . • the effect of local, national and international economic, credit, capital and labor market conditions on the economy in general, and on the particular industries in which we operate, including capacity challenges in the industry, changes in fuel and insurance prices, interest rate fluctuations, and downturns in customers’ business cycles and shipping requirements",,,,,,
DEAL-QUALIT-FUNDS-2015,2015-05-07,acquirer,Apax Partners,,"unresolved(candidates=3,with_eligible_annual=0)",,unknown,unknown,unknown,unknown,unknown,acquirer_identity_unresolved,,,,,,,,,,,,,,,,,,,,,,,,
DEAL-ANN-ASCENA-2015,2015-05-18,target,ANN INC.,874214,reviewed_manifest_cik,10-K|0000874214-15-000001|2015-03-13,unknown,yes,yes,unknown,labeled,,,,,,,,0000874214-15-000001,10-K,2015-03-13,Item 1,50883,"The raw materials used to manufacture our merchandise are subject to availability constraints and price volatility caused by high or low demand for fabrics, labor conditions, transportation or freight costs, currency fluctuations, weather conditions, supply conditions, government regulations, inflation, market speculation and economic, climate and other unpredictable factors.",0000874214-15-000001,10-K,2015-03-13,Item 1,50883,"The raw materials used to manufacture our merchandise are subject to availability constraints and price volatility caused by high or low demand for fabrics, labor conditions, transportation or freight costs, currency fluctuations, weather conditions, supply conditions, government regulations, inflation, market speculation and economic, climate and other unpredictable factors.",,,,,,
DEAL-ANN-ASCENA-2015,2015-05-18,acquirer,ASCENA RETAIL GROUP,1498301,exact_normalized_name_match,10-K|0001498301-14-000039|2014-09-23;10-Q|0001498301-15-000010|2015-03-03,unknown,yes,yes,unknown,labeled,,,,,,,,0001498301-14-000039,10-K,2014-09-23,Item 1A,54320,"Fuel prices affect freight costs on inbound freight from vendors to the distribution centers, outbound freight from the distribution centers to our stores and shipments directly to our customers.",0001498301-14-000039,10-K,2014-09-23,Item 1A,43215,"Dollar against foreign currencies; . • . inability of our manufacturers to comply with local laws, including labor laws, health and safety laws or labor practices; . • . increased security and regulatory requirements applicable to imported goods; . • . imposition or increases of duties, taxes and other charges on imports; . • . imposition of new legislation relating to import quotas or other restr",,,,,,
DEAL-FRISCH-NRD-2015,2015-05-22,target,FRISCHS RESTAURANTS INC,39047,reviewed_manifest_cik,10-K|0000039047-14-000081|2014-08-07;10-Q|0001144204-15-022146|2015-04-10,unknown,yes,unknown,no_disclosed,labeled,,,,,,,,0000039047-14-000081,10-K,2014-08-07,Item 1A,47614,"Higher costs for electricity and natural gas result in higher costs to a) heat and cool restaurant facilities, b) refrigerate and cook food and c) manufacture and store food at the Company’s food manufacturing plant.",,,,,,,0000039047-14-000081,10-K,2014-08-07,Item 8,91398,"Although the Company does not use financial instruments as a hedge against changes in commodity prices, purchase contracts for some commodities may contain provisions that limit the price the Company will pay."
DEAL-FRISCH-NRD-2015,2015-05-22,acquirer,"NRD Partners I, L.P",,"unresolved(candidates=1,with_eligible_annual=0)",,unknown,unknown,unknown,unknown,unknown,acquirer_identity_unresolved,,,,,,,,,,,,,,,,,,,,,,,,
DEAL-OM-APOLLO-2015,2015-06-01,target,OM GROUP INC,899723,reviewed_manifest_cik,10-K|0000899723-15-000012|2015-03-02;10-Q|0000899723-15-000019|2015-04-30,unknown,yes,unknown,yes,labeled,,,,,,,,0000899723-15-000012,10-K,2015-03-02,Item 1,16596,"During periods of rapidly changing prices of key raw materials, there may be price lags that can positively or negatively impact our short-term profitability and cash flow from operations.",,,,,,,0000899723-15-000012,10-K,2015-03-02,Item 7A,122639,This hedging limits our ability to participate in gains from favorable commodity price fluctuations and limits the risk of loss from adverse commodity price fluctuations. 28 .
DEAL-OM-APOLLO-2015,2015-06-01,acquirer,Apollo,,"unresolved(candidates=1,with_eligible_annual=0)",,unknown,unknown,unknown,unknown,unknown,acquirer_identity_unresolved,,,,,,,,,,,,,,,,,,,,,,,,
DEAL-NAUGAT-LIBERT-2015,2015-06-04,target,Naugatuck Valley Financial Corp,1493552,reviewed_manifest_cik,10-K|0001144204-15-017315|2015-03-19;10-Q|0001144204-15-028656|2015-05-08,unknown,unknown,unknown,unknown,unknown,no_qualifying_disclosure_in_reviewed_filings,,,,,,,,,,,,,,,,,,,,,,,,
DEAL-NAUGAT-LIBERT-2015,2015-06-04,acquirer,Liberty,,"unresolved(candidates=1,with_eligible_annual=0)",,unknown,unknown,unknown,unknown,unknown,acquirer_identity_unresolved,,,,,,,,,,,,,,,,,,,,,,,,
DEAL-INTEGR-UPHILL-2015,2015-06-11,target,INTEGRATED SILICON SOLUTION INC,854701,reviewed_manifest_cik,10-K|0000854701-14-000011|2014-12-11;10-Q|0000854701-15-000006|2015-05-05,unknown,unknown,unknown,unknown,unknown,no_qualifying_disclosure_in_reviewed_filings,,,,,,,,,,,,,,,,,,,,,,,,
DEAL-INTEGR-UPHILL-2015,2015-06-11,acquirer,Uphill Investment Co,,"unresolved(candidates=0,with_eligible_annual=0)",,unknown,unknown,unknown,unknown,unknown,acquirer_identity_unresolved,,,,,,,,,,,,,,,,,,,,,,,,
DEAL-COAST-LKQ-2015,2015-07-09,target,COAST DISTRIBUTION SYSTEM INC,728303,reviewed_manifest_cik,10-K|0001193125-15-113703|2015-03-31;10-Q|0001193125-15-189940|2015-05-15,unknown,yes,yes,unknown,labeled,,,,,,,,0001193125-15-113703,10-K,2015-03-31,Item 1A,27822,"As a result, our sales are affected primarily by (i) the discretionary income that consumers have available to spend, (ii) their confidence about economic conditions which determines their willingness to spend their discretionary income, (iii) the availability of and the interest rates payable on the borrowings, including credit card debt, on which consumers generally rely to finance their purchas",0001193125-15-113703,10-K,2015-03-31,Item 8,13790,"However, the costs of freight, testing, and marketing, and providing warranty services in certain instances for, our proprietary products reduce some of the margin advantage we gain on sales of those products. 2 .",,,,,,
DEAL-COAST-LKQ-2015,2015-07-09,acquirer,LKQ CORPORATION,1065696,exact_normalized_name_match,10-K|0001065696-15-000007|2015-03-02;10-Q|0001065696-15-000026|2015-05-01,yes,yes,yes,yes,labeled,,0001065696-15-000007,10-K,2015-03-02,Item 8,38654,We also extract and sell the precious metals contained in certain of our salvage parts such as catalytic converters.,0001065696-15-000007,10-K,2015-03-02,Item 1A,101317,Fluctuations in the prices of metals and other commodities could adversely affect our financial results. 20 .,0001065696-15-000007,10-K,2015-03-02,Item 1A,90584,"We incur substantial freight costs to import parts from our suppliers, many of whom are located in Asia.",0001065696-15-000007,10-K,2015-03-02,Item 7A,249782,"As of December 31, 2014 , we held short-term metals forward contracts to mitigate a portion of our exposure to fluctuations in metals prices specifically related to our precious metals refining and reclamation business."
DEAL-REMY-BORGWA-2015,2015-07-13,target,"REMY INTERNATIONAL, INC.",1046859,reviewed_manifest_cik,10-K|0001046859-15-000048|2015-03-02;10-Q|0001046859-15-000084|2015-05-06,unknown,yes,yes,yes,labeled,,,,,,,,0001046859-15-000048,10-K,2015-03-02,Item 8,51961,"We generally follow the industry practice of passing on to our original equipment customers a portion of the costs or benefits of fluctuation in copper, steel and aluminum prices.",0001046859-15-000048,10-K,2015-03-02,Item 8,51398,Our strategy focuses on local material sourcing and the development of standardized processes in freight and logistics that result in the lowest total cost for our global operations.,0001046859-15-000048,10-K,2015-03-02,Item 8,52141,"For our copper exposure not passed through to customers, we generally purchase hedges for a significant portion and also have a natural hedge in copper, aluminum and steel scrap recovered in our remanufacturing operations."
DEAL-REMY-BORGWA-2015,2015-07-13,acquirer,BorgWarner Inc,908255,exact_normalized_name_match,10-K|0000908255-15-000012|2015-02-12;10-Q|0000908255-15-000032|2015-04-30,yes,yes,unknown,yes,labeled,,0000908255-15-000012,10-K,2015-02-12,Item 1A,34161,"The Company uses a variety of raw materials in the production of its automotive products including steel, aluminum, copper, nickel, plastic resins and certain alloy elements.",0000908255-15-000012,10-K,2015-02-12,Item 1A,45580,"Our ability to pass through increased raw material costs to our OEM customers is limited, with cost recovery often less than 100% and often on a delayed basis.",,,,,,,0000908255-15-000012,10-K,2015-02-12,Item 1A,46332,We have sought to alleviate the impact of increasing costs by including a material pass-through provision in our customer contracts wherever possible and by selectively hedging certain commodity exposures.
DEAL-STJUDE-SJM-2015,2015-07-22,target,ST JUDE MEDICAL INC,203077,reviewed_manifest_cik,10-K|0000203077-15-000003|2015-02-26;10-Q|0000203077-15-000005|2015-05-07,unknown,unknown,unknown,unknown,unknown,no_qualifying_disclosure_in_reviewed_filings,,,,,,,,,,,,,,,,,,,,,,,,
DEAL-STJUDE-SJM-2015,2015-07-22,acquirer,SJM International,,"unresolved(candidates=0,with_eligible_annual=0)",,unknown,unknown,unknown,unknown,unknown,acquirer_identity_unresolved,,,,,,,,,,,,,,,,,,,,,,,,
DEAL-TECUMS-MUELLE-2015,2015-08-05,target,TECUMSEH PRODUCTS CO,96831,reviewed_manifest_cik,10-K|0000096831-15-000009|2015-03-04;10-Q|0000096831-15-000052|2015-08-04,yes,yes,unknown,yes,labeled,,0000096831-15-000009,10-K,2015-03-04,Item 1A,81519,"Any increase in steel prices may have a negative impact on our product costs, as there is currently no well-established global market for hedging against increases in the price of steel.",0000096831-15-000009,10-K,2015-03-04,Item 1,11751,"In recent years, the volatility of commodity prices and related components has impacted us and the industry in general.",,,,,,,0000096831-15-000009,10-K,2015-03-04,Item 1,11871,"We attempt to mitigate the volatility and impact of higher commodity prices through a combination of entering into commodity derivative contracts, customer price indexing, material surcharges and cost reduction initiatives."
DEAL-TECUMS-MUELLE-2015,2015-08-05,acquirer,MUELLER,,"unresolved(candidates=2,with_eligible_annual=0)",,unknown,unknown,unknown,unknown,unknown,acquirer_identity_unresolved,,,,,,,,,,,,,,,,,,,,,,,,
DEAL-STEINE-CATTER-2015,2015-08-21,target,STEINER LEISURE Ltd,1018946,reviewed_manifest_cik,10-K|0001437749-15-003807|2015-03-02;10-Q|0001437749-15-015186|2015-08-07,unknown,yes,yes,unknown,labeled,,,,,,,,0001437749-15-003807,10-K,2015-03-02,Item 1A,143867,"The weakened United States and other world economies in recent years, including the impact on consumers and businesses of high fuel costs and tighter credit, had an adverse effect on the discretionary spending of consumers, including spending on cruise vacations and our services and products.",0001437749-15-003807,10-K,2015-03-02,Item 1A,168126,Increased transportation costs associated with increased fuel costs also add to the costs of delivery of our products to the ships we serve and other destinations.,,,,,,
DEAL-STEINE-CATTER-2015,2015-08-21,acquirer,CATTERTON,,"unresolved(candidates=0,with_eligible_annual=0)",,unknown,unknown,unknown,unknown,unknown,acquirer_identity_unresolved,,,,,,,,,,,,,,,,,,,,,,,,
DEAL-BLYTH-CARLYL-2015,2015-08-31,target,BLYTH INC,921503,reviewed_manifest_cik,10-K|0000921503-15-000013|2015-03-16;10-Q|0000921503-15-000050|2015-08-06,unknown,yes,yes,unknown,labeled,,,,,,,,0000921503-15-000013,10-K,2015-03-16,Item 15,8976,"Return to Top . • increased paper, mailing and shipping costs; . • increased risk and write-offs associated with Silver Star Brands' credit program; . • speculative trading and volatility in our stock price; . • the failure of securities or industry analysts to publish research reports about our business, or the publication of . negative reports about our business; and . • our compliance with the ",0000921503-15-000013,10-K,2015-03-16,Item 15,8976,"Return to Top . • increased paper, mailing and shipping costs; . • increased risk and write-offs associated with Silver Star Brands' credit program; . • speculative trading and volatility in our stock price; . • the failure of securities or industry analysts to publish research reports about our business, or the publication of . negative reports about our business; and . • our compliance with the ",,,,,,
DEAL-BLYTH-CARLYL-2015,2015-08-31,acquirer,The Carlyle Group,1527166,exact_normalized_name_match,10-K|0001628280-15-001092|2015-02-26;10-Q|0001527166-15-000006|2015-08-05,unknown,yes,unknown,yes,labeled,,,,,,,,0001628280-15-001092,10-K,2015-02-26,Item 1A,133941,"Our business is materially affected by conditions in the global financial markets and economic conditions or events throughout the world that are outside of our control, including but not limited to changes in interest rates, availability of credit, inflation rates, economic uncertainty, changes in laws (including laws relating to taxation and regulations on alternative asset managers), disease, t",,,,,,,0001628280-15-001092,10-K,2015-02-26,Item 1,53930,"Our hedge fund managers separate their research teams into industry-, geography- and commodity-specific analysts in order to develop in-depth coverage on companies and sectors to generate proprietary research. • ."
DEAL-STRATE-BLACKS-2015,2015-09-08,target,"STRATEGIC HOTELS & RESORTS, INC",1057436,reviewed_manifest_cik,10-K|0001057436-15-000012|2015-02-24;10-Q|0001057436-15-000041|2015-08-06,unknown,yes,unknown,unknown,labeled,,,,,,,,0001057436-15-000012,10-K,2015-02-24,Item 8,69236,"Table of Contents . • . dependence on business, commercial and leisure travelers and tourism; . • . dependence on group and meeting/conference business; . • . increases in energy costs, airline bankruptcies, airline strikes or other factors that may affect travel patterns and reduce the number of business and commercial travelers and tourists; . • . risks generally associated with the ownership of",,,,,,,,,,,,
DEAL-STRATE-BLACKS-2015,2015-09-08,acquirer,BLACKSTONE,1393818,exact_normalized_name_match,10-K|0001193125-15-069653|2015-02-27;10-Q|0001193125-15-280954|2015-08-06,unknown,yes,unknown,yes,labeled,,,,,,,,0001193125-15-069653,10-K,2015-02-27,Item 1A,83851,"Our business is materially affected by conditions in the global financial markets and economic conditions or events throughout the world that are outside our control, including but not limited to changes in interest rates, availability of credit, inflation rates, economic uncertainty, changes in laws (including laws relating to taxation), trade barriers, commodity prices, currency exchange rates a",,,,,,,0001193125-15-069653,10-K,2015-02-27,Item 13,140127,"As expected, we were not among them. • On December 18, 2014, the FSOC released a notice seeking public comment on the potential risks posed by aspects of the asset management industry, including whether asset management products and activities may pose potential risks to the U.S. financial system in the areas of liquidity and redemptions, leverage, operational functions, and resolution, or in othe"
DEAL-BIOMED-BLACKS-2015,2015-10-08,target,BioMed Realty Trust Inc,1289236,reviewed_manifest_cik,10-K|0001289236-15-000004|2015-02-06;10-Q|0001289236-15-000017|2015-07-29,unknown,unknown,unknown,unknown,unknown,no_qualifying_disclosure_in_reviewed_filings,,,,,,,,,,,,,,,,,,,,,,,,
DEAL-BIOMED-BLACKS-2015,2015-10-08,acquirer,BLACKSTONE,1393818,exact_normalized_name_match,10-K|0001193125-15-069653|2015-02-27;10-Q|0001193125-15-280954|2015-08-06,unknown,yes,unknown,yes,labeled,,,,,,,,0001193125-15-069653,10-K,2015-02-27,Item 1A,83851,"Our business is materially affected by conditions in the global financial markets and economic conditions or events throughout the world that are outside our control, including but not limited to changes in interest rates, availability of credit, inflation rates, economic uncertainty, changes in laws (including laws relating to taxation), trade barriers, commodity prices, currency exchange rates a",,,,,,,0001193125-15-069653,10-K,2015-02-27,Item 13,140127,"As expected, we were not among them. • On December 18, 2014, the FSOC released a notice seeking public comment on the potential risks posed by aspects of the asset management industry, including whether asset management products and activities may pose potential risks to the U.S. financial system in the areas of liquidity and redemptions, leverage, operational functions, and resolution, or in othe"
